1017;1022;1020;1013;1014;895;976;1021;993;902;682;581;590;558;552;400;157;96;217;372;374;363;359;196;955;850;796;818;735;723;753;736;8185;8190;8188;8181;8182;8063;8144;8189;8161;8070;7850;7749;7758;7726;7720;7568;7325;7264;7385;7540;7542;7531;7527;7364;8123;8018;7964;7986;7903;7891;7921;7904;9224;9219;9221;9228;9227;9346;9265;9220;9248;9339;9559;9660;9651;9683;9689;9841;10084;10145;10024;9869;9867;9878;9882;10045;9286;9391;9445;9423;9506;9518;9488;9505;14344;14339;14341;14348;14347;14466;14385;14340;14368;14459;14679;14780;14771;14803;14809;14961;15204;15265;15144;14989;14987;14998;15002;15165;14406;14511;14565;14543;14626;14638;14608;14625
983;1006;1018;1010;996;865;912;994;896;643;440;404;431;352;181;143;182;117;144;270;322;364;412;236;737;969;694;622;760;754;707;695;8151;8174;8186;8178;8164;8033;8080;8162;8064;7811;7608;7572;7599;7520;7349;7311;7350;7285;7312;7438;7490;7532;7580;7404;7905;8137;7862;7790;7928;7922;7875;7863;9258;9235;9223;9231;9245;9376;9329;9247;9345;9598;9801;9837;9810;9889;10060;10098;10059;10124;10097;9971;9919;9877;9829;10005;9504;9272;9547;9619;9481;9487;9534;9546;14378;14355;14343;14351;14365;14496;14449;14367;14465;14718;14921;14957;14930;15009;15180;15218;15179;15244;15217;15091;15039;14997;14949;15125;14624;14392;14667;14739;14601;14607;14654;14666
959;997;1011;998;991;1015;960;843;696;582;600;610;611;565;553;572;523;414;278;113;255;218;353;370;72;401;961;629;531;777;604;708;8127;8165;8179;8166;8159;8183;8128;8011;7864;7750;7768;7778;7779;7733;7721;7740;7691;7582;7446;7281;7423;7386;7521;7538;7240;7569;8129;7797;7699;7945;7772;7876;9282;9244;9230;9243;9250;9226;9281;9398;9545;9659;9641;9631;9630;9676;9688;9669;9718;9827;9963;10128;9986;10023;9888;9871;10169;9840;9280;9612;9710;9464;9637;9533;14402;14364;14350;14363;14370;14346;14401;14518;14665;14779;14761;14751;14750;14796;14808;14789;14838;14947;15083;15248;15106;15143;15008;14991;15289;14960;14400;14732;14830;14584;14757;14653
913;962;992;999;1000;1001;963;827;683;644;517;389;314;243;256;295;375;482;697;390;158;118;207;383;104;1;310;882;623;601;630;672;8081;8130;8160;8167;8168;8169;8131;7995;7851;7812;7685;7557;7482;7411;7424;7463;7543;7650;7865;7558;7326;7286;7375;7551;7272;7169;7478;8050;7791;7769;7798;7840;9328;9279;9249;9242;9241;9240;9278;9414;9558;9597;9724;9852;9927;9998;9985;9946;9866;9759;9544;9851;10083;10123;10034;9858;10137;10240;9931;9359;9618;9640;9611;9569;14448;14399;14369;14362;14361;14360;14398;14534;14678;14717;14844;14972;15047;15118;15105;15066;14986;14879;14664;14971;15203;15243;15154;14978;15257;15360;15051;14479;14738;14760;14731;14689
866;883;946;1002;1007;989;884;778;738;436;197;62;42;33;21;7;2;17;208;578;347;119;145;257;174;38;13;209;844;698;506;583;8034;8051;8114;8170;8175;8157;8052;7946;7906;7604;7365;7230;7210;7201;7189;7175;7170;7185;7376;7746;7515;7287;7313;7425;7342;7206;7181;7377;8012;7866;7674;7751;9375;9358;9295;9239;9234;9252;9357;9463;9503;9805;10044;10179;10199;10208;10220;10234;10239;10224;10033;9663;9894;10122;10096;9984;10067;10203;10228;10032;9397;9543;9735;9658;14495;14478;14415;14359;14354;14372;14477;14583;14623;14925;15164;15299;15319;15328;15340;15354;15359;15344;15153;14783;15014;15242;15216;15104;15187;15323;15348;15152;14517;14663;14855;14778
857;874;885;914;947;984;875;819;524;296;146;84;68;50;26;3;8;9;10;73;532;427;311;150;129;63;77;78;329;937;800;544;8025;8042;8053;8082;8115;8152;8043;7987;7692;7464;7314;7252;7236;7218;7194;7171;7176;7177;7178;7241;7700;7595;7479;7318;7297;7231;7245;7246;7497;8105;7968;7712;9384;9367;9356;9327;9294;9257;9366;9422;9717;9945;10095;10157;10173;10191;10215;10238;10233;10232;10231;10168;9709;9814;9930;10091;10112;10178;10164;10163;9912;9304;9441;9697;14504;14487;14476;14447;14414;14377;14486;14542;14837;15065;15215;15277;15293;15311;15335;15358;15353;15352;15351;15288;14829;14934;15050;15211;15232;15298;15284;15283;15032;14424;14561;14817
867;845;851;835;897;964;898;779;413;244;138;91;85;69;27;6;4;5;22;14;164;709;612;376;120;139;39;183;198;545;1019;915;8035;8013;8019;8003;8065;8132;8066;7947;7581;7412;7306;7259;7253;7237;7195;7174;7172;7173;7190;7182;7332;7877;7780;7544;7288;7307;7207;7351;7366;7713;8187;8083;9374;9396;9390;9406;9344;9277;9343;9462;9828;9997;10103;10150;10156;10172;10214;10235;10237;10236;10219;10227;10077;9532;9629;9865;10121;10102;10202;10058;10043;9696;9222;9326;14494;14516;14510;14526;14464;14397;14463;14582;14948;15117;15223;15270;15276;15292;15334;15355;15357;15356;15339;15347;15197;14652;14749;14985;15241;15222;15322;15178;15163;14816;14342;14446
852;836;846;847;977;916;899;710;405;297;159;114;121;97;43;18;11;12;19;34;56;441;787;699;360;312;419;361;377;442;853;978;8020;8004;8014;8015;8145;8084;8067;7878;7573;7465;7327;7282;7289;7265;7211;7186;7179;7180;7187;7202;7224;7609;7955;7867;7528;7480;7587;7529;7545;7610;8021;8146;9389;9405;9395;9394;9264;9325;9342;9531;9836;9944;10082;10127;10120;10144;10198;10223;10230;10229;10222;10207;10185;9800;9454;9542;9881;9929;9822;9880;9864;9799;9388;9263;14509;14525;14515;14514;14384;14445;14462;14651;14956;15064;15202;15247;15240;15264;15318;15343;15350;15349;15342;15327;15305;14920;14574;14662;15001;15049;14942;15000;14984;14919;14508;14383
820;828;837;892;948;965;879;662;437;324;219;228;175;100;64;31;28;24;25;44;79;245;746;747;663;199;415;559;406;420;770;854;7988;7996;8005;8060;8116;8133;8047;7830;7605;7492;7387;7396;7343;7268;7232;7199;7196;7192;7193;7212;7247;7413;7914;7915;7831;7367;7583;7727;7574;7588;7938;8022;9421;9413;9404;9349;9293;9276;9362;9579;9804;9917;10022;10013;10066;10141;10177;10210;10213;10217;10216;10197;10162;9996;9495;9494;9578;10042;9826;9682;9835;9821;9471;9387;14541;14533;14524;14469;14413;14396;14482;14699;14924;15037;15142;15133;15186;15261;15297;15330;15333;15337;15336;15317;15282;15116;14615;14614;14698;15162;14946;14802;14955;14941;14591;14507
832;838;858;917;924;985;839;645;421;279;167;339;246;98;74;35;36;32;29;57;115;168;554;788;739;617;330;391;700;432;566;646;8000;8006;8026;8085;8092;8153;8007;7813;7589;7447;7335;7507;7414;7266;7242;7203;7204;7200;7197;7225;7283;7336;7722;7956;7907;7785;7498;7559;7868;7600;7734;7814;9409;9403;9383;9324;9317;9256;9402;9596;9820;9962;10074;9902;9995;10143;10167;10206;10205;10209;10212;10184;10126;10073;9687;9453;9502;9624;9911;9850;9541;9809;9675;9595;14529;14523;14503;14444;14437;14376;14522;14716;14940;15082;15194;15022;15115;15263;15287;15326;15325;15329;15332;15304;15246;15193;14807;14573;14622;14744;15031;14970;14661;14929;14795;14715
801;802;840;938;979;1003;829;591;407;305;210;392;336;169;184;130;51;20;45;86;122;147;433;803;789;734;613;348;814;903;724;560;7969;7970;8008;8106;8147;8171;7997;7759;7575;7473;7378;7560;7504;7337;7352;7298;7219;7188;7213;7254;7290;7315;7601;7971;7957;7902;7781;7516;7982;8071;7892;7728;9440;9439;9401;9303;9262;9238;9412;9650;9834;9936;10031;9849;9905;10072;10057;10111;10190;10221;10196;10155;10119;10094;9808;9438;9452;9507;9628;9893;9427;9338;9517;9681;14560;14559;14521;14423;14382;14358;14532;14770;14954;15056;15151;14969;15025;15192;15177;15231;15310;15341;15316;15275;15239;15214;14928;14558;14572;14627;14748;15013;14547;14458;14637;14801
815;821;841;904;1008;949;701;684;702;573;450;378;422;525;664;561;423;176;46;92;123;160;340;711;830;740;631;574;649;822;905;939;7983;7989;8009;8072;8176;8117;7869;7852;7870;7741;7618;7546;7590;7693;7832;7729;7591;7344;7214;7260;7291;7328;7508;7879;7998;7908;7799;7742;7817;7990;8073;8107;9426;9420;9400;9337;9233;9292;9540;9557;9539;9668;9791;9863;9819;9716;9577;9680;9818;10065;10195;10149;10118;10081;9901;9530;9411;9501;9610;9667;9592;9419;9336;9302;14546;14540;14520;14457;14353;14412;14660;14677;14659;14788;14911;14983;14939;14836;14697;14800;14938;15185;15315;15269;15238;15201;15021;14650;14531;14621;14730;14787;14712;14539;14456;14422
771;790;804;880;980;906;805;755;725;859;624;105;306;546;665;443;237;271;177;65;106;170;258;555;791;756;614;685;625;602;816;1004;7939;7958;7972;8048;8148;8074;7973;7923;7893;8027;7792;7273;7474;7714;7833;7611;7405;7439;7345;7233;7274;7338;7426;7723;7959;7924;7782;7853;7793;7770;7984;8172;9470;9451;9437;9361;9261;9335;9436;9486;9516;9382;9617;10136;9935;9695;9576;9798;10004;9970;10064;10176;10135;10071;9983;9686;9450;9485;9627;9556;9616;9639;9425;9237;14590;14571;14557;14481;14381;14455;14556;14606;14636;14502;14737;15256;15055;14815;14696;14918;15124;15090;15184;15296;15255;15191;15103;14806;14570;14605;14747;14676;14736;14759;14545;14357
780;761;781;890;981;986;797;806;741;807;567;30;200;592;748;782;393;247;220;87;93;140;221;451;726;703;650;615;783;749;891;970;7948;7929;7949;8058;8149;8154;7965;7974;7909;7975;7735;7198;7368;7760;7916;7950;7561;7415;7388;7255;7261;7308;7389;7619;7894;7871;7818;7783;7951;7917;8059;8138;9461;9480;9460;9351;9260;9255;9444;9435;9500;9434;9674;10211;10041;9649;9493;9459;9848;9994;10021;10154;10148;10101;10020;9790;9515;9538;9591;9626;9458;9492;9350;9271;14581;14600;14580;14471;14380;14375;14564;14555;14620;14554;14794;15331;15161;14769;14613;14579;14968;15114;15141;15274;15268;15221;15140;14910;14635;14658;14711;14746;14578;14612;14470;14391
792;742;750;860;987;956;743;772;533;727;259;23;47;394;500;298;131;331;260;124;80;116;222;408;632;712;673;593;666;762;966;886;7960;7910;7918;8028;8155;8124;7911;7940;7701;7895;7427;7191;7215;7562;7668;7466;7299;7499;7428;7292;7248;7284;7390;7576;7800;7880;7841;7761;7834;7930;8134;8054;9449;9499;9491;9381;9254;9285;9498;9469;9708;9514;9982;10218;10194;9847;9741;9943;10110;9910;9981;10117;10161;10125;10019;9833;9609;9529;9568;9648;9575;9479;9275;9355;14569;14619;14611;14501;14374;14405;14618;14589;14828;14634;15102;15338;15314;14967;14861;15063;15230;15030;15101;15237;15281;15245;15139;14953;14729;14649;14688;14768;14695;14599;14395;14475
713;714;715;773;971;925;584;424;468;534;58;48;40;248;428;332;201;94;70;66;75;132;238;362;507;651;686;605;704;687;907;957;7881;7882;7883;7941;8139;8093;7752;7592;7636;7702;7226;7216;7208;7416;7596;7500;7369;7262;7238;7234;7243;7300;7406;7530;7675;7819;7854;7773;7872;7855;8075;8125;9528;9527;9526;9468;9270;9316;9657;9817;9773;9707;10183;10193;10201;9993;9813;9909;10040;10147;10171;10175;10166;10109;10003;9879;9734;9590;9555;9636;9537;9554;9334;9284;14648;14647;14646;14588;14390;14436;14777;14937;14893;14827;15303;15313;15321;15113;14933;15029;15160;15267;15291;15295;15286;15229;15123;14999;14854;14710;14675;14756;14657;14674;14454;14404
716;705;717;667;861;926;562;452;647;325;49;52;81;202;261;133;71;37;41;82;101;141;282;354;341;438;633;634;774;763;887;972;7884;7873;7885;7835;8029;8094;7730;7620;7815;7493;7217;7220;7249;7370;7429;7301;7239;7205;7209;7250;7269;7309;7450;7522;7509;7606;7801;7802;7942;7931;8055;8140;9525;9536;9524;9574;9380;9315;9679;9789;9594;9916;10192;10189;10160;10039;9980;10108;10170;10204;10200;10159;10140;10100;9959;9887;9900;9803;9608;9607;9467;9478;9354;9269;14645;14656;14644;14694;14500;14435;14799;14909;14714;15036;15312;15309;15280;15159;15100;15228;15290;15324;15320;15279;15260;15220;15079;15007;15020;14923;14728;14727;14587;14598;14474;14389
688;689;728;674;675;862;744;676;460;59;15;53;185;262;223;125;67;60;54;102;161;249;307;283;349;444;535;635;833;751;950;973;7856;7857;7896;7842;7843;8030;7912;7844;7628;7227;7183;7221;7353;7430;7391;7293;7235;7228;7222;7270;7329;7417;7475;7451;7517;7612;7703;7803;8001;7919;8118;8141;9553;9552;9513;9567;9566;9379;9497;9565;9781;10182;10226;10188;10056;9979;10018;10116;10174;10181;10187;10139;10080;9992;9934;9958;9892;9797;9706;9606;9408;9490;9291;9268;14673;14672;14633;14687;14686;14499;14617;14685;14901;15302;15346;15308;15176;15099;15138;15236;15294;15301;15307;15259;15200;15112;15054;15078;15012;14917;14826;14726;14528;14610;14411;14388
668;706;669;606;536;652;808;764;526;142;103;151;211;350;148;107;99;83;95;134;229;315;284;299;379;395;527;798;784;809;1005;876;7836;7874;7837;7774;7704;7820;7976;7932;7694;7310;7271;7319;7379;7518;7316;7275;7267;7251;7263;7302;7397;7483;7452;7467;7547;7563;7695;7966;7952;7977;8173;8044;9573;9535;9572;9635;9705;9589;9433;9477;9715;10099;10138;10090;10030;9891;10093;10134;10142;10158;10146;10107;10012;9926;9957;9942;9862;9846;9714;9443;9457;9432;9236;9365;14693;14655;14692;14755;14825;14709;14553;14597;14835;15219;15258;15210;15150;15011;15213;15254;15262;15278;15266;15227;15132;15046;15077;15062;14982;14966;14834;14563;14577;14552;14356;14485
677;678;626;563;508;501;757;817;718;607;409;396;365;263;326;88;108;109;126;178;285;286;272;333;273;337;758;823;824;893;995;653;7845;7846;7794;7731;7676;7669;7925;7985;7886;7775;7577;7564;7533;7431;7494;7256;7276;7277;7294;7346;7453;7454;7440;7501;7441;7505;7926;7991;7992;8061;8163;7821;9564;9563;9615;9678;9733;9740;9484;9424;9523;9634;9832;9845;9876;9978;9915;10153;10133;10132;10115;10063;9956;9955;9969;9908;9968;9904;9483;9418;9417;9348;9246;9588;14684;14683;14735;14798;14853;14860;14604;14544;14643;14754;14952;14965;14996;15098;15035;15273;15253;15252;15235;15183;15076;15075;15089;15028;15088;15024;14603;14538;14537;14468;14366;14708
679;654;618;585;537;489;655;810;825;594;203;16;61;76;351;287;110;171;149;152;230;224;212;366;461;595;881;900;894;868;967;469;7847;7822;7786;7753;7705;7657;7823;7978;7993;7762;7371;7184;7229;7244;7519;7455;7278;7339;7317;7320;7398;7392;7380;7534;7629;7763;8049;8068;8062;8036;8135;7637;9562;9587;9623;9656;9704;9752;9586;9431;9416;9647;10038;10225;10180;10165;9890;9954;10131;10070;10092;10089;10011;10017;10029;9875;9780;9646;9360;9341;9347;9373;9274;9772;14682;14707;14743;14776;14824;14872;14706;14551;14536;14767;15158;15345;15300;15285;15010;15074;15251;15190;15212;15209;15131;15137;15149;14995;14900;14766;14480;14461;14467;14493;14394;14892
670;627;608;568;518;483;575;765;799;462;316;135;153;213;250;342;231;239;154;127;186;232;214;429;690;869;877;951;870;871;834;509;7838;7795;7776;7736;7686;7651;7743;7933;7967;7630;7484;7303;7321;7381;7418;7510;7399;7407;7322;7295;7354;7400;7382;7597;7858;8037;8045;8119;8038;8039;8002;7677;9571;9614;9633;9673;9723;9758;9666;9476;9442;9779;9925;10106;10088;10028;9991;9899;10010;10002;10087;10114;10055;10009;10027;9812;9551;9372;9364;9290;9371;9370;9407;9732;14691;14734;14753;14793;14843;14878;14786;14596;14562;14899;15045;15226;15208;15148;15111;15019;15130;15122;15207;15234;15175;15129;15147;14932;14671;14492;14484;14410;14491;14490;14527;14852
619;586;528;484;470;445;490;729;719;453;308;343;373;384;425;385;280;300;165;155;187;251;309;446;426;855;848;908;888;826;766;730;7787;7754;7696;7652;7638;7613;7658;7897;7887;7621;7476;7511;7541;7552;7593;7553;7448;7468;7333;7323;7355;7419;7477;7614;7594;8023;8016;8076;8056;7994;7934;7898;9622;9655;9713;9757;9771;9796;9751;9512;9522;9788;9933;9898;9868;9857;9816;9856;9961;9941;10076;10086;10054;9990;9932;9795;9815;9386;9393;9333;9353;9415;9475;9511;14742;14775;14833;14877;14891;14916;14871;14632;14642;14908;15053;15018;14988;14977;14936;14976;15081;15061;15196;15206;15174;15110;15052;14915;14935;14506;14513;14453;14473;14535;14595;14631
596;547;519;454;447;471;463;620;767;569;233;136;111;112;89;264;288;289;240;225;241;265;416;355;371;793;863;927;842;768;597;510;7764;7715;7687;7622;7615;7639;7631;7788;7935;7737;7401;7304;7279;7280;7257;7432;7456;7457;7408;7393;7409;7433;7584;7523;7539;7961;8031;8095;8010;7936;7765;7678;9645;9694;9722;9787;9794;9770;9778;9621;9474;9672;10008;10105;10130;10129;10152;9977;9953;9952;10001;10016;10000;9976;9825;9886;9870;9448;9378;9314;9399;9473;9644;9731;14765;14814;14842;14907;14914;14890;14898;14741;14594;14792;15128;15225;15250;15249;15272;15097;15073;15072;15121;15136;15120;15096;14945;15006;14990;14568;14498;14434;14519;14593;14764;14851
636;564;548;485;455;472;456;502;745;794;556;434;313;266;188;189;317;290;274;291;334;402;410;190;380;775;831;918;856;731;637;691;7804;7732;7716;7653;7623;7640;7624;7670;7913;7962;7724;7602;7481;7434;7356;7357;7485;7458;7442;7459;7502;7570;7578;7358;7548;7943;7999;8086;8024;7899;7805;7859;9605;9677;9693;9756;9786;9769;9785;9739;9496;9447;9685;9807;9928;9975;10053;10052;9924;9951;9967;9950;9907;9839;9831;10051;9861;9466;9410;9323;9385;9510;9604;9550;14725;14797;14813;14876;14906;14889;14905;14859;14616;14567;14805;14927;15048;15095;15173;15172;15044;15071;15087;15070;15027;14959;14951;15171;14981;14586;14530;14443;14505;14630;14724;14670
656;598;538;457;473;464;491;474;628;720;570;475;367;318;292;267;301;293;319;356;411;397;204;191;439;680;849;919;909;889;910;958;7824;7766;7706;7625;7641;7632;7659;7642;7796;7888;7738;7643;7535;7486;7460;7435;7469;7461;7487;7524;7579;7565;7372;7359;7607;7848;8017;8087;8077;8057;8078;8126;9585;9643;9703;9784;9768;9777;9750;9767;9613;9521;9671;9766;9874;9923;9949;9974;9940;9948;9922;9885;9830;9844;10037;10050;9802;9561;9392;9322;9332;9352;9331;9283;14705;14763;14823;14904;14888;14897;14870;14887;14733;14641;14791;14886;14994;15043;15069;15094;15060;15068;15042;15005;14950;14964;15157;15170;14922;14681;14512;14442;14452;14472;14451;14403
648;603;539;465;448;476;492;477;549;732;486;275;192;268;302;294;338;398;399;386;335;205;162;193;511;638;785;974;940;928;941;929;7816;7771;7707;7633;7616;7644;7660;7645;7717;7900;7654;7443;7360;7436;7470;7462;7506;7566;7567;7554;7503;7373;7330;7361;7679;7806;7953;8142;8108;8096;8109;8097;9593;9638;9702;9776;9793;9765;9749;9764;9692;9509;9755;9966;10049;9973;9939;9947;9903;9843;9842;9855;9906;10036;10079;10048;9730;9603;9456;9267;9301;9313;9300;9312;14713;14758;14822;14896;14913;14885;14869;14884;14812;14629;14875;15086;15169;15093;15059;15067;15023;14963;14962;14975;15026;15156;15199;15168;14850;14723;14576;14387;14421;14433;14420;14432
671;587;550;512;493;494;487;488;449;692;759;495;368;381;417;435;430;403;344;276;242;226;137;206;579;540;616;982;930;942;952;931;7839;7755;7718;7680;7661;7662;7655;7656;7617;7860;7927;7663;7536;7549;7585;7603;7598;7571;7512;7444;7410;7394;7305;7374;7747;7708;7784;8150;8098;8110;8120;8099;9570;9654;9691;9729;9748;9747;9754;9753;9792;9549;9482;9746;9873;9860;9824;9806;9811;9838;9897;9965;9999;10015;10104;10035;9662;9701;9625;9259;9311;9299;9289;9310;14690;14774;14811;14849;14868;14867;14874;14873;14912;14669;14602;14866;14993;14980;14944;14926;14931;14958;15017;15085;15119;15135;15224;15155;14782;14821;14745;14379;14431;14419;14409;14430
657;576;541;513;514;496;515;503;466;811;864;776;693;639;588;520;418;327;269;252;281;172;90;303;609;369;478;920;943;921;944;922;7825;7744;7709;7681;7682;7664;7683;7671;7634;7979;8032;7944;7861;7807;7756;7688;7586;7495;7437;7420;7449;7340;7258;7471;7777;7537;7646;8088;8111;8089;8112;8090;9584;9665;9700;9728;9727;9745;9726;9738;9775;9430;9377;9465;9548;9602;9653;9721;9823;9914;9972;9989;9960;10069;10151;9938;9632;9872;9763;9321;9298;9320;9297;9319;14704;14785;14820;14848;14847;14865;14846;14858;14895;14550;14497;14585;14668;14722;14773;14841;14943;15034;15092;15109;15080;15189;15271;15058;14752;14992;14883;14441;14418;14440;14417;14439
658;571;497;504;479;458;498;467;659;988;990;752;721;681;580;387;253;234;277;254;194;128;163;499;459;304;345;795;975;923;945;932;7826;7739;7665;7672;7647;7626;7666;7635;7827;8156;8158;7920;7889;7849;7748;7555;7421;7402;7445;7422;7362;7296;7331;7667;7627;7472;7513;7963;8143;8091;8113;8100;9583;9670;9744;9737;9762;9783;9743;9774;9582;9253;9251;9489;9520;9560;9661;9854;9988;10007;9964;9987;10047;10113;10078;9742;9782;9937;9896;9446;9266;9318;9296;9309;14703;14790;14864;14857;14882;14903;14863;14894;14702;14373;14371;14609;14640;14680;14781;14974;15108;15127;15084;15107;15167;15233;15198;14862;14902;15057;15016;14566;14386;14438;14416;14429
660;577;516;521;529;542;522;557;872;1012;1023;911;661;733;769;640;388;179;173;215;156;180;357;480;323;235;346;812;933;968;953;934;7828;7745;7684;7689;7697;7710;7690;7725;8040;8180;8191;8079;7829;7901;7937;7808;7556;7347;7341;7383;7324;7348;7525;7648;7491;7403;7514;7980;8101;8136;8121;8102;9581;9664;9725;9720;9712;9699;9719;9684;9369;9229;9218;9330;9580;9508;9472;9601;9853;10062;10068;10026;10085;10061;9884;9761;9918;10006;9895;9429;9308;9273;9288;9307;14701;14784;14845;14840;14832;14819;14839;14804;14489;14349;14338;14450;14700;14628;14592;14721;14973;15182;15188;15146;15205;15181;15004;14881;15038;15126;15015;14549;14428;14393;14408;14427
641;589;530;551;599;642;813;901;935;1009;1024;1016;786;621;543;481;505;328;195;216;227;358;320;321;55;166;382;873;722;878;936;954;7809;7757;7698;7719;7767;7810;7981;8069;8103;8177;8192;8184;7954;7789;7711;7649;7673;7496;7363;7384;7395;7526;7488;7489;7223;7334;7550;8041;7890;8046;8104;8122;9600;9652;9711;9690;9642;9599;9428;9340;9306;9232;9217;9225;9455;9620;9698;9760;9736;9913;10046;10025;10014;9883;9921;9920;10186;10075;9859;9368;9519;9363;9305;9287;14720;14772;14831;14810;14762;14719;14548;14460;14426;14352;14337;14345;14575;14740;14818;14880;14856;15033;15166;15145;15134;15003;15041;15040;15306;15195;14979;14488;14639;14483;14425;14407
11272;11267;11269;11276;11275;11394;11313;11268;11296;11387;11607;11708;11699;11731;11737;11889;12132;12193;12072;11917;11915;11926;11930;12093;11334;11439;11493;11471;11554;11566;11536;11553;12296;12291;12293;12300;12299;12418;12337;12292;12320;12411;12631;12732;12723;12755;12761;12913;13156;13217;13096;12941;12939;12950;12954;13117;12358;12463;12517;12495;12578;12590;12560;12577;3065;3070;3068;3061;3062;2943;3024;3069;3041;2950;2730;2629;2638;2606;2600;2448;2205;2144;2265;2420;2422;2411;2407;2244;3003;2898;2844;2866;2783;2771;2801;2784;6137;6142;6140;6133;6134;6015;6096;6141;6113;6022;5802;5701;5710;5678;5672;5520;5277;5216;5337;5492;5494;5483;5479;5316;6075;5970;5916;5938;5855;5843;5873;5856
11306;11283;11271;11279;11293;11424;11377;11295;11393;11646;11849;11885;11858;11937;12108;12146;12107;12172;12145;12019;11967;11925;11877;12053;11552;11320;11595;11667;11529;11535;11582;11594;12330;12307;12295;12303;12317;12448;12401;12319;12417;12670;12873;12909;12882;12961;13132;13170;13131;13196;13169;13043;12991;12949;12901;13077;12576;12344;12619;12691;12553;12559;12606;12618;3031;3054;3066;3058;3044;2913;2960;3042;2944;2691;2488;2452;2479;2400;2229;2191;2230;2165;2192;2318;2370;2412;2460;2284;2785;3017;2742;2670;2808;2802;2755;2743;6103;6126;6138;6130;6116;5985;6032;6114;6016;5763;5560;5524;5551;5472;5301;5263;5302;5237;5264;5390;5442;5484;5532;5356;5857;6089;5814;5742;5880;5874;5827;5815
11330;11292;11278;11291;11298;11274;11329;11446;11593;11707;11689;11679;11678;11724;11736;11717;11766;11875;12011;12176;12034;12071;11936;11919;12217;11888;11328;11660;11758;11512;11685;11581;12354;12316;12302;12315;12322;12298;12353;12470;12617;12731;12713;12703;12702;12748;12760;12741;12790;12899;13035;13200;13058;13095;12960;12943;13241;12912;12352;12684;12782;12536;12709;12605;3007;3045;3059;3046;3039;3063;3008;2891;2744;2630;2648;2658;2659;2613;2601;2620;2571;2462;2326;2161;2303;2266;2401;2418;2120;2449;3009;2677;2579;2825;2652;2756;6079;6117;6131;6118;6111;6135;6080;5963;5816;5702;5720;5730;5731;5685;5673;5692;5643;5534;5398;5233;5375;5338;5473;5490;5192;5521;6081;5749;5651;5897;5724;5828
11376;11327;11297;11290;11289;11288;11326;11462;11606;11645;11772;11900;11975;12046;12033;11994;11914;11807;11592;11899;12131;12171;12082;11906;12185;12288;11979;11407;11666;11688;11659;11617;12400;12351;12321;12314;12313;12312;12350;12486;12630;12669;12796;12924;12999;13070;13057;13018;12938;12831;12616;12923;13155;13195;13106;12930;13209;13312;13003;12431;12690;12712;12683;12641;2961;3010;3040;3047;3048;3049;3011;2875;2731;2692;2565;2437;2362;2291;2304;2343;2423;2530;2745;2438;2206;2166;2255;2431;2152;2049;2358;2930;2671;2649;2678;2720;6033;6082;6112;6119;6120;6121;6083;5947;5803;5764;5637;5509;5434;5363;5376;5415;5495;5602;5817;5510;5278;5238;5327;5503;5224;5121;5430;6002;5743;5721;5750;5792
11423;11406;11343;11287;11282;11300;11405;11511;11551;11853;12092;12227;12247;12256;12268;12282;12287;12272;12081;11711;11942;12170;12144;12032;12115;12251;12276;12080;11445;11591;11783;11706;12447;12430;12367;12311;12306;12324;12429;12535;12575;12877;13116;13251;13271;13280;13292;13306;13311;13296;13105;12735;12966;13194;13168;13056;13139;13275;13300;13104;12469;12615;12807;12730;2914;2931;2994;3050;3055;3037;2932;2826;2786;2484;2245;2110;2090;2081;2069;2055;2050;2065;2256;2626;2395;2167;2193;2305;2222;2086;2061;2257;2892;2746;2554;2631;5986;6003;6066;6122;6127;6109;6004;5898;5858;5556;5317;5182;5162;5153;5141;5127;5122;5137;5328;5698;5467;5239;5265;5377;5294;5158;5133;5329;5964;5818;5626;5703
11432;11415;11404;11375;11342;11305;11414;11470;11765;11993;12143;12205;12221;12239;12263;12286;12281;12280;12279;12216;11757;11862;11978;12139;12160;12226;12212;12211;11960;11352;11489;11745;12456;12439;12428;12399;12366;12329;12438;12494;12789;13017;13167;13229;13245;13263;13287;13310;13305;13304;13303;13240;12781;12886;13002;13163;13184;13250;13236;13235;12984;12376;12513;12769;2905;2922;2933;2962;2995;3032;2923;2867;2572;2344;2194;2132;2116;2098;2074;2051;2056;2057;2058;2121;2580;2475;2359;2198;2177;2111;2125;2126;2377;2985;2848;2592;5977;5994;6005;6034;6067;6104;5995;5939;5644;5416;5266;5204;5188;5170;5146;5123;5128;5129;5130;5193;5652;5547;5431;5270;5249;5183;5197;5198;5449;6057;5920;5664
11422;11444;11438;11454;11392;11325;11391;11510;11876;12045;12151;12198;12204;12220;12262;12283;12285;12284;12267;12275;12125;11580;11677;11913;12169;12150;12250;12106;12091;11744;11270;11374;12446;12468;12462;12478;12416;12349;12415;12534;12900;13069;13175;13222;13228;13244;13286;13307;13309;13308;13291;13299;13149;12604;12701;12937;13193;13174;13274;13130;13115;12768;12294;12398;2915;2893;2899;2883;2945;3012;2946;2827;2461;2292;2186;2139;2133;2117;2075;2054;2052;2053;2070;2062;2212;2757;2660;2424;2168;2187;2087;2231;2246;2593;3067;2963;5987;5965;5971;5955;6017;6084;6018;5899;5533;5364;5258;5211;5205;5189;5147;5126;5124;5125;5142;5134;5284;5829;5732;5496;5240;5259;5159;5303;5318;5665;6139;6035
11437;11453;11443;11442;11312;11373;11390;11579;11884;11992;12130;12175;12168;12192;12246;12271;12278;12277;12270;12255;12233;11848;11502;11590;11929;11977;11870;11928;11912;11847;11436;11311;12461;12477;12467;12466;12336;12397;12414;12603;12908;13016;13154;13199;13192;13216;13270;13295;13302;13301;13294;13279;13257;12872;12526;12614;12953;13001;12894;12952;12936;12871;12460;12335;2900;2884;2894;2895;3025;2964;2947;2758;2453;2345;2207;2162;2169;2145;2091;2066;2059;2060;2067;2082;2104;2489;2835;2747;2408;2360;2467;2409;2425;2490;2901;3026;5972;5956;5966;5967;6097;6036;6019;5830;5525;5417;5279;5234;5241;5217;5163;5138;5131;5132;5139;5154;5176;5561;5907;5819;5480;5432;5539;5481;5497;5562;5973;6098
11469;11461;11452;11397;11341;11324;11410;11627;11852;11965;12070;12061;12114;12189;12225;12258;12261;12265;12264;12245;12210;12044;11543;11542;11626;12090;11874;11730;11883;11869;11519;11435;12493;12485;12476;12421;12365;12348;12434;12651;12876;12989;13094;13085;13138;13213;13249;13282;13285;13289;13288;13269;13234;13068;12567;12566;12650;13114;12898;12754;12907;12893;12543;12459;2868;2876;2885;2940;2996;3013;2927;2710;2485;2372;2267;2276;2223;2148;2112;2079;2076;2072;2073;2092;2127;2293;2794;2795;2711;2247;2463;2607;2454;2468;2818;2902;5940;5948;5957;6012;6068;6085;5999;5782;5557;5444;5339;5348;5295;5220;5184;5151;5148;5144;5145;5164;5199;5365;5866;5867;5783;5319;5535;5679;5526;5540;5890;5974
11457;11451;11431;11372;11365;11304;11450;11644;11868;12010;12122;11950;12043;12191;12215;12254;12253;12257;12260;12232;12174;12121;11735;11501;11550;11672;11959;11898;11589;11857;11723;11643;12481;12475;12455;12396;12389;12328;12474;12668;12892;13034;13146;12974;13067;13215;13239;13278;13277;13281;13284;13256;13198;13145;12759;12525;12574;12696;12983;12922;12613;12881;12747;12667;2880;2886;2906;2965;2972;3033;2887;2693;2469;2327;2215;2387;2294;2146;2122;2083;2084;2080;2077;2105;2163;2216;2602;2836;2787;2665;2378;2439;2748;2480;2614;2694;5952;5958;5978;6037;6044;6105;5959;5765;5541;5399;5287;5459;5366;5218;5194;5155;5156;5152;5149;5177;5235;5288;5674;5908;5859;5737;5450;5511;5820;5552;5686;5766
11488;11487;11449;11351;11310;11286;11460;11698;11882;11984;12079;11897;11953;12120;12105;12159;12238;12269;12244;12203;12167;12142;11856;11486;11500;11555;11676;11941;11475;11386;11565;11729;12512;12511;12473;12375;12334;12310;12484;12722;12906;13008;13103;12921;12977;13144;13129;13183;13262;13293;13268;13227;13191;13166;12880;12510;12524;12579;12700;12965;12499;12410;12589;12753;2849;2850;2888;2986;3027;3051;2877;2639;2455;2353;2258;2440;2384;2217;2232;2178;2099;2068;2093;2134;2170;2195;2481;2851;2837;2782;2661;2396;2862;2951;2772;2608;5921;5922;5960;6058;6099;6123;5949;5711;5527;5425;5330;5512;5456;5289;5304;5250;5171;5140;5165;5206;5242;5267;5553;5923;5909;5854;5733;5468;5934;6023;5844;5680
11474;11468;11448;11385;11281;11340;11588;11605;11587;11716;11839;11911;11867;11764;11625;11728;11866;12113;12243;12197;12166;12129;11949;11578;11459;11549;11658;11715;11640;11467;11384;11350;12498;12492;12472;12409;12305;12364;12612;12629;12611;12740;12863;12935;12891;12788;12649;12752;12890;13137;13267;13221;13190;13153;12973;12602;12483;12573;12682;12739;12664;12491;12408;12374;2863;2869;2889;2952;3056;2997;2749;2732;2750;2621;2498;2426;2470;2573;2712;2609;2471;2224;2094;2140;2171;2208;2388;2759;2878;2788;2679;2622;2697;2870;2953;2987;5935;5941;5961;6024;6128;6069;5821;5804;5822;5693;5570;5498;5542;5645;5784;5681;5543;5296;5166;5212;5243;5280;5460;5831;5950;5860;5751;5694;5769;5942;6025;6059
11518;11499;11485;11409;11309;11383;11484;11534;11564;11430;11665;12184;11983;11743;11624;11846;12052;12018;12112;12224;12183;12119;12031;11734;11498;11533;11675;11604;11664;11687;11473;11285;12542;12523;12509;12433;12333;12407;12508;12558;12588;12454;12689;13208;13007;12767;12648;12870;13076;13042;13136;13248;13207;13143;13055;12758;12522;12557;12699;12628;12688;12711;12497;12309;2819;2838;2852;2928;3028;2954;2853;2803;2773;2907;2672;2153;2354;2594;2713;2491;2285;2319;2225;2113;2154;2218;2306;2603;2839;2804;2662;2733;2673;2650;2864;3052;5891;5910;5924;6000;6100;6026;5925;5875;5845;5979;5744;5225;5426;5666;5785;5563;5357;5391;5297;5185;5226;5290;5378;5675;5911;5876;5734;5805;5745;5722;5936;6124
11509;11528;11508;11399;11308;11303;11492;11483;11548;11482;11722;12259;12089;11697;11541;11507;11896;12042;12069;12202;12196;12149;12068;11838;11563;11586;11639;11674;11506;11540;11398;11319;12533;12552;12532;12423;12332;12327;12516;12507;12572;12506;12746;13283;13113;12721;12565;12531;12920;13066;13093;13226;13220;13173;13092;12862;12587;12610;12663;12698;12530;12564;12422;12343;2828;2809;2829;2938;3029;3034;2845;2854;2789;2855;2615;2078;2248;2640;2796;2830;2441;2295;2268;2135;2141;2188;2269;2499;2774;2751;2698;2663;2831;2797;2939;3018;5900;5881;5901;6010;6101;6106;5917;5926;5861;5927;5687;5150;5320;5712;5868;5902;5513;5367;5340;5207;5213;5260;5341;5571;5846;5823;5770;5735;5903;5869;6011;6090
11497;11547;11539;11429;11302;11333;11546;11517;11756;11562;12030;12266;12242;11895;11789;11991;12158;11958;12029;12165;12209;12173;12067;11881;11657;11577;11616;11696;11623;11527;11323;11403;12521;12571;12563;12453;12326;12357;12570;12541;12780;12586;13054;13290;13266;12919;12813;13015;13182;12982;13053;13189;13233;13197;13091;12905;12681;12601;12640;12720;12647;12551;12347;12427;2840;2790;2798;2908;3035;3004;2791;2820;2581;2775;2307;2071;2095;2442;2548;2346;2179;2379;2308;2172;2128;2164;2270;2456;2680;2760;2721;2641;2714;2810;3014;2934;5912;5862;5870;5980;6107;6076;5863;5892;5653;5847;5379;5143;5167;5514;5620;5418;5251;5451;5380;5244;5200;5236;5342;5528;5752;5832;5793;5713;5786;5882;6086;6006
11576;11575;11574;11516;11318;11364;11705;11865;11821;11755;12231;12241;12249;12041;11861;11957;12088;12195;12219;12223;12214;12157;12051;11927;11782;11638;11603;11684;11585;11602;11382;11332;12600;12599;12598;12540;12342;12388;12729;12889;12845;12779;13255;13265;13273;13065;12885;12981;13112;13219;13243;13247;13238;13181;13075;12951;12806;12662;12627;12708;12609;12626;12406;12356;2761;2762;2763;2821;3019;2973;2632;2472;2516;2582;2106;2096;2088;2296;2476;2380;2249;2142;2118;2114;2123;2180;2286;2410;2555;2699;2734;2653;2752;2735;2955;3005;5833;5834;5835;5893;6091;6045;5704;5544;5588;5654;5178;5168;5160;5368;5548;5452;5321;5214;5190;5186;5195;5252;5358;5482;5627;5771;5806;5725;5824;5807;6027;6077
11573;11584;11572;11622;11428;11363;11727;11837;11642;11964;12240;12237;12208;12087;12028;12156;12218;12252;12248;12207;12188;12148;12007;11935;11948;11851;11656;11655;11515;11526;11402;11317;12597;12608;12596;12646;12452;12387;12751;12861;12666;12988;13264;13261;13232;13111;13052;13180;13242;13276;13272;13231;13212;13172;13031;12959;12972;12875;12680;12679;12539;12550;12426;12341;2764;2753;2765;2715;2909;2974;2610;2500;2695;2373;2097;2100;2129;2250;2309;2181;2119;2085;2089;2130;2149;2189;2330;2402;2389;2486;2681;2682;2822;2811;2935;3020;5836;5825;5837;5787;5981;6046;5682;5572;5767;5445;5169;5172;5201;5322;5381;5253;5191;5157;5161;5202;5221;5261;5402;5474;5461;5558;5753;5754;5894;5883;6007;6092
11601;11600;11561;11615;11614;11427;11545;11613;11829;12230;12274;12236;12104;12027;12066;12164;12222;12229;12235;12187;12128;12040;11982;12006;11940;11845;11754;11654;11456;11538;11339;11316;12625;12624;12585;12639;12638;12451;12569;12637;12853;13254;13298;13260;13128;13051;13090;13188;13246;13253;13259;13211;13152;13064;13006;13030;12964;12869;12778;12678;12480;12562;12363;12340;2736;2737;2776;2722;2723;2910;2792;2724;2508;2107;2063;2101;2233;2310;2271;2173;2115;2108;2102;2150;2209;2297;2355;2331;2397;2492;2583;2683;2881;2799;2998;3021;5808;5809;5848;5794;5795;5982;5864;5796;5580;5179;5135;5173;5305;5382;5343;5245;5187;5180;5174;5222;5281;5369;5427;5403;5469;5564;5655;5755;5953;5871;6070;6093
11621;11583;11620;11683;11753;11637;11481;11525;11763;12147;12186;12138;12078;11939;12141;12182;12190;12206;12194;12155;12060;11974;12005;11990;11910;11894;11762;11491;11505;11480;11284;11413;12645;12607;12644;12707;12777;12661;12505;12549;12787;13171;13210;13162;13102;12963;13165;13206;13214;13230;13218;13179;13084;12998;13029;13014;12934;12918;12786;12515;12529;12504;12308;12437;2716;2754;2717;2654;2584;2700;2856;2812;2574;2190;2151;2199;2259;2398;2196;2155;2147;2131;2143;2182;2277;2363;2332;2347;2427;2443;2575;2846;2832;2857;3053;2924;5788;5826;5789;5726;5656;5772;5928;5884;5646;5262;5223;5271;5331;5470;5268;5227;5219;5203;5215;5254;5349;5435;5404;5419;5499;5515;5647;5918;5904;5929;6125;5996
11612;11611;11663;11726;11781;11788;11532;11472;11571;11682;11880;11893;11924;12026;11963;12201;12181;12180;12163;12111;12004;12003;12017;11956;12016;11952;11531;11466;11465;11396;11294;11636;12636;12635;12687;12750;12805;12812;12556;12496;12595;12706;12904;12917;12948;13050;12987;13225;13205;13204;13187;13135;13028;13027;13041;12980;13040;12976;12555;12490;12489;12420;12318;12660;2725;2726;2674;2611;2556;2549;2805;2865;2766;2655;2457;2444;2413;2311;2374;2136;2156;2157;2174;2226;2333;2334;2320;2381;2321;2385;2806;2871;2872;2941;3043;2701;5797;5798;5746;5683;5628;5621;5877;5937;5838;5727;5529;5516;5485;5383;5446;5208;5228;5229;5246;5298;5405;5406;5392;5453;5393;5457;5878;5943;5944;6013;6115;5773
11610;11635;11671;11704;11752;11800;11634;11479;11464;11695;12086;12273;12228;12213;11938;12002;12179;12118;12140;12137;12059;12065;12077;11923;11828;11694;11408;11389;11395;11421;11322;11820;12634;12659;12695;12728;12776;12824;12658;12503;12488;12719;13110;13297;13252;13237;12962;13026;13203;13142;13164;13161;13083;13089;13101;12947;12852;12718;12432;12413;12419;12445;12346;12844;2727;2702;2666;2633;2585;2537;2703;2858;2873;2642;2251;2064;2109;2124;2399;2335;2158;2219;2197;2200;2278;2272;2260;2414;2509;2643;2929;2948;2942;2916;3015;2517;5799;5774;5738;5705;5657;5609;5775;5930;5945;5714;5323;5136;5181;5196;5471;5407;5230;5291;5269;5272;5350;5344;5332;5486;5581;5715;6001;6020;6014;5988;6087;5589
11619;11662;11681;11721;11771;11806;11714;11524;11490;11827;11973;12154;12136;12076;12039;11947;12058;12050;12135;12162;12103;12057;12075;11860;11599;11420;11412;11338;11419;11418;11455;11780;12643;12686;12705;12745;12795;12830;12738;12548;12514;12851;12997;13178;13160;13100;13063;12971;13082;13074;13159;13186;13127;13081;13099;12884;12623;12444;12436;12362;12443;12442;12479;12804;2718;2675;2656;2616;2566;2531;2623;2813;2847;2510;2364;2183;2201;2261;2298;2390;2279;2287;2202;2175;2234;2280;2262;2477;2738;2917;2925;2999;2918;2919;2882;2557;5790;5747;5728;5688;5638;5603;5695;5885;5919;5582;5436;5255;5273;5333;5370;5462;5351;5359;5274;5247;5306;5352;5334;5549;5810;5989;5997;6071;5990;5991;5954;5629
11670;11703;11761;11805;11819;11844;11799;11560;11570;11836;11981;11946;11916;11905;11864;11904;12009;11989;12124;12134;12102;12038;11980;11843;11863;11434;11441;11381;11401;11463;11523;11559;12694;12727;12785;12829;12843;12868;12823;12584;12594;12860;13005;12970;12940;12929;12888;12928;13033;13013;13148;13158;13126;13062;13004;12867;12887;12458;12465;12405;12425;12487;12547;12583;2667;2634;2576;2532;2518;2493;2538;2777;2767;2501;2356;2391;2421;2432;2473;2433;2328;2348;2213;2203;2235;2299;2357;2494;2474;2903;2896;2956;2936;2874;2814;2778;5739;5706;5648;5604;5590;5565;5610;5849;5839;5573;5428;5463;5493;5504;5545;5505;5400;5420;5285;5275;5307;5371;5429;5566;5546;5975;5968;6028;6008;5946;5886;5850
11693;11742;11770;11835;11842;11818;11826;11669;11522;11720;12056;12153;12178;12177;12200;12025;12001;12000;12049;12064;12048;12024;11873;11934;11918;11496;11426;11362;11447;11521;11692;11779;12717;12766;12794;12859;12866;12842;12850;12693;12546;12744;13080;13177;13202;13201;13224;13049;13025;13024;13073;13088;13072;13048;12897;12958;12942;12520;12450;12386;12471;12545;12716;12803;2644;2595;2567;2502;2495;2519;2511;2668;2815;2617;2281;2184;2159;2160;2137;2312;2336;2337;2288;2273;2289;2313;2464;2403;2419;2841;2911;2975;2890;2816;2645;2558;5716;5667;5639;5574;5567;5591;5583;5740;5887;5689;5353;5256;5231;5232;5209;5384;5408;5409;5360;5345;5361;5385;5536;5475;5491;5913;5983;6047;5962;5888;5717;5630
11653;11725;11741;11804;11834;11817;11833;11787;11544;11495;11733;11855;11976;12023;12101;12100;11972;11999;12015;11998;11955;11887;11879;12099;11909;11514;11458;11371;11433;11558;11652;11598;12677;12749;12765;12828;12858;12841;12857;12811;12568;12519;12757;12879;13000;13047;13125;13124;12996;13023;13039;13022;12979;12911;12903;13123;12933;12538;12482;12395;12457;12582;12676;12622;2684;2612;2596;2533;2503;2520;2504;2550;2793;2842;2604;2482;2361;2314;2236;2237;2365;2338;2322;2339;2382;2450;2458;2238;2428;2823;2879;2966;2904;2779;2685;2739;5756;5684;5668;5605;5575;5592;5576;5622;5865;5914;5676;5554;5433;5386;5308;5309;5437;5410;5394;5411;5454;5522;5530;5310;5500;5895;5951;6038;5976;5851;5757;5811
11633;11691;11751;11832;11816;11825;11798;11815;11661;11569;11719;11814;11922;11971;11997;12022;11988;11996;11970;11933;11878;11892;12085;12098;11850;11609;11440;11370;11380;11400;11379;11331;12657;12715;12775;12856;12840;12849;12822;12839;12685;12593;12743;12838;12946;12995;13021;13046;13012;13020;12994;12957;12902;12916;13109;13122;12874;12633;12464;12394;12404;12424;12403;12355;2704;2646;2586;2505;2521;2512;2539;2522;2676;2768;2618;2523;2415;2366;2340;2315;2349;2341;2367;2404;2459;2445;2252;2239;2487;2728;2897;2967;2957;2937;2958;3006;5776;5718;5658;5577;5593;5584;5611;5594;5748;5840;5690;5595;5487;5438;5412;5387;5421;5413;5439;5476;5531;5517;5324;5311;5559;5800;5969;6039;6029;6009;6030;6078
11641;11686;11750;11824;11841;11813;11797;11812;11740;11557;11803;12014;12097;12021;11987;11995;11951;11891;11890;11903;11954;12084;12127;12096;11778;11651;11504;11315;11349;11361;11348;11360;12665;12710;12774;12848;12865;12837;12821;12836;12764;12581;12827;13038;13121;13045;13011;13019;12975;12915;12914;12927;12978;13108;13151;13120;12802;12675;12528;12339;12373;12385;12372;12384;2696;2651;2587;2513;2496;2524;2540;2525;2597;2780;2534;2323;2240;2316;2350;2342;2386;2446;2447;2434;2383;2253;2210;2241;2559;2686;2833;3022;2988;2976;2989;2977;5768;5723;5659;5585;5568;5596;5612;5597;5669;5852;5606;5395;5312;5388;5422;5414;5458;5518;5519;5506;5455;5325;5282;5313;5631;5758;5905;6094;6060;6048;6061;6049
11618;11702;11739;11777;11796;11795;11802;11801;11840;11597;11530;11794;11921;11908;11872;11854;11859;11886;11945;12013;12047;12063;12152;12083;11710;11749;11673;11307;11359;11347;11337;11358;12642;12726;12763;12801;12820;12819;12826;12825;12864;12621;12554;12818;12945;12932;12896;12878;12883;12910;12969;13037;13071;13087;13176;13107;12734;12773;12697;12331;12383;12371;12361;12382;2719;2635;2598;2560;2541;2542;2535;2536;2497;2740;2807;2543;2416;2429;2465;2483;2478;2451;2392;2324;2290;2274;2185;2254;2627;2588;2664;3030;2978;2990;3000;2979;5791;5707;5670;5632;5613;5614;5607;5608;5569;5812;5879;5615;5488;5501;5537;5555;5550;5523;5464;5396;5362;5346;5257;5326;5699;5660;5736;6102;6050;6062;6072;6051
11632;11713;11748;11776;11775;11793;11774;11786;11823;11478;11425;11513;11596;11650;11701;11769;11871;11962;12020;12037;12008;12117;12199;11986;11680;11920;11811;11369;11346;11368;11345;11367;12656;12737;12772;12800;12799;12817;12798;12810;12847;12502;12449;12537;12620;12674;12725;12793;12895;12986;13044;13061;13032;13141;13223;13010;12704;12944;12835;12393;12370;12392;12369;12391;2705;2624;2589;2561;2562;2544;2563;2551;2514;2859;2912;2824;2741;2687;2636;2568;2466;2375;2317;2300;2329;2220;2138;2351;2657;2417;2526;2968;2991;2969;2992;2970;5777;5696;5661;5633;5634;5616;5635;5623;5586;5931;5984;5896;5813;5759;5708;5640;5538;5447;5389;5372;5401;5292;5210;5423;5729;5489;5598;6040;6063;6041;6064;6042
11631;11718;11792;11785;11810;11831;11791;11822;11630;11301;11299;11537;11568;11608;11709;11902;12036;12055;12012;12035;12095;12161;12126;11790;11830;11985;11944;11494;11314;11366;11344;11357;12655;12742;12816;12809;12834;12855;12815;12846;12654;12325;12323;12561;12592;12632;12733;12926;13060;13079;13036;13059;13119;13185;13150;12814;12854;13009;12968;12518;12338;12390;12368;12381;2706;2619;2545;2552;2527;2506;2546;2515;2707;3036;3038;2800;2769;2729;2628;2435;2301;2282;2325;2302;2242;2176;2211;2547;2507;2352;2393;2843;3023;2971;2993;2980;5778;5691;5617;5624;5599;5578;5618;5587;5779;6108;6110;5872;5841;5801;5700;5507;5373;5354;5397;5374;5314;5248;5283;5619;5579;5424;5465;5915;6095;6043;6065;6052
11629;11712;11773;11768;11760;11747;11767;11732;11417;11277;11266;11378;11628;11556;11520;11649;11901;12110;12116;12074;12133;12109;11932;11809;11966;12054;11943;11477;11356;11321;11336;11355;12653;12736;12797;12792;12784;12771;12791;12756;12441;12301;12290;12402;12652;12580;12544;12673;12925;13134;13140;13098;13157;13133;12956;12833;12990;13078;12967;12501;12380;12345;12360;12379;2708;2625;2564;2569;2577;2590;2570;2605;2920;3060;3071;2959;2709;2781;2817;2688;2436;2227;2221;2263;2204;2228;2405;2528;2371;2283;2394;2860;2981;3016;3001;2982;5780;5697;5636;5641;5649;5662;5642;5677;5992;6132;6143;6031;5781;5853;5889;5760;5508;5299;5293;5335;5276;5300;5477;5600;5443;5355;5466;5932;6053;6088;6073;6054
11648;11700;11759;11738;11690;11647;11476;11388;11354;11280;11265;11273;11503;11668;11746;11808;11784;11961;12094;12073;12062;11931;11969;11968;12234;12123;11907;11416;11567;11411;11353;11335;12672;12724;12783;12762;12714;12671;12500;12412;12378;12304;12289;12297;12527;12692;12770;12832;12808;12985;13118;13097;13086;12955;12993;12992;13258;13147;12931;12440;12591;12435;12377;12359;2689;2637;2578;2599;2647;2690;2861;2949;2983;3057;3072;3064;2834;2669;2591;2529;2553;2376;2243;2264;2275;2406;2368;2369;2103;2214;2430;2921;2770;2926;2984;3002;5761;5709;5650;5671;5719;5762;5933;6021;6055;6129;6144;6136;5906;5741;5663;5601;5625;5448;5315;5336;5347;5478;5440;5441;5175;5286;5502;5993;5842;5998;6056;6074
7161;7166;7164;7157;7158;7039;7120;7165;7137;7046;6826;6725;6734;6702;6696;6544;6301;6240;6361;6516;6518;6507;6503;6340;7099;6994;6940;6962;6879;6867;6897;6880;2041;2046;2044;2037;2038;1919;2000;2045;2017;1926;1706;1605;1614;1582;1576;1424;1181;1120;1241;1396;1398;1387;1383;1220;1979;1874;1820;1842;1759;1747;1777;1760;15368;15363;15365;15372;15371;15490;15409;15364;15392;15483;15703;15804;15795;15827;15833;15985;16228;16289;16168;16013;16011;16022;16026;16189;15430;15535;15589;15567;15650;15662;15632;15649;8200;8195;8197;8204;8203;8322;8241;8196;8224;8315;8535;8636;8627;8659;8665;8817;9060;9121;9000;8845;8843;8854;8858;9021;8262;8367;8421;8399;8482;8494;8464;8481
7127;7150;7162;7154;7140;7009;7056;7138;7040;6787;6584;6548;6575;6496;6325;6287;6326;6261;6288;6414;6466;6508;6556;6380;6881;7113;6838;6766;6904;6898;6851;6839;2007;2030;2042;2034;2020;1889;1936;2018;1920;1667;1464;1428;1455;1376;1205;1167;1206;1141;1168;1294;1346;1388;1436;1260;1761;1993;1718;1646;1784;1778;1731;1719;15402;15379;15367;15375;15389;15520;15473;15391;15489;15742;15945;15981;15954;16033;16204;16242;16203;16268;16241;16115;16063;16021;15973;16149;15648;15416;15691;15763;15625;15631;15678;15690;8234;8211;8199;8207;8221;8352;8305;8223;8321;8574;8777;8813;8786;8865;9036;9074;9035;9100;9073;8947;8895;8853;8805;8981;8480;8248;8523;8595;8457;8463;8510;8522
7103;7141;7155;7142;7135;7159;7104;6987;6840;6726;6744;6754;6755;6709;6697;6716;6667;6558;6422;6257;6399;6362;6497;6514;6216;6545;7105;6773;6675;6921;6748;6852;1983;2021;2035;2022;2015;2039;1984;1867;1720;1606;1624;1634;1635;1589;1577;1596;1547;1438;1302;1137;1279;1242;1377;1394;1096;1425;1985;1653;1555;1801;1628;1732;15426;15388;15374;15387;15394;15370;15425;15542;15689;15803;15785;15775;15774;15820;15832;15813;15862;15971;16107;16272;16130;16167;16032;16015;16313;15984;15424;15756;15854;15608;15781;15677;8258;8220;8206;8219;8226;8202;8257;8374;8521;8635;8617;8607;8606;8652;8664;8645;8694;8803;8939;9104;8962;8999;8864;8847;9145;8816;8256;8588;8686;8440;8613;8509
7057;7106;7136;7143;7144;7145;7107;6971;6827;6788;6661;6533;6458;6387;6400;6439;6519;6626;6841;6534;6302;6262;6351;6527;6248;6145;6454;7026;6767;6745;6774;6816;1937;1986;2016;2023;2024;2025;1987;1851;1707;1668;1541;1413;1338;1267;1280;1319;1399;1506;1721;1414;1182;1142;1231;1407;1128;1025;1334;1906;1647;1625;1654;1696;15472;15423;15393;15386;15385;15384;15422;15558;15702;15741;15868;15996;16071;16142;16129;16090;16010;15903;15688;15995;16227;16267;16178;16002;16281;16384;16075;15503;15762;15784;15755;15713;8304;8255;8225;8218;8217;8216;8254;8390;8534;8573;8700;8828;8903;8974;8961;8922;8842;8735;8520;8827;9059;9099;9010;8834;9113;9216;8907;8335;8594;8616;8587;8545
7010;7027;7090;7146;7151;7133;7028;6922;6882;6580;6341;6206;6186;6177;6165;6151;6146;6161;6352;6722;6491;6263;6289;6401;6318;6182;6157;6353;6988;6842;6650;6727;1890;1907;1970;2026;2031;2013;1908;1802;1762;1460;1221;1086;1066;1057;1045;1031;1026;1041;1232;1602;1371;1143;1169;1281;1198;1062;1037;1233;1868;1722;1530;1607;15519;15502;15439;15383;15378;15396;15501;15607;15647;15949;16188;16323;16343;16352;16364;16378;16383;16368;16177;15807;16038;16266;16240;16128;16211;16347;16372;16176;15541;15687;15879;15802;8351;8334;8271;8215;8210;8228;8333;8439;8479;8781;9020;9155;9175;9184;9196;9210;9215;9200;9009;8639;8870;9098;9072;8960;9043;9179;9204;9008;8373;8519;8711;8634
7001;7018;7029;7058;7091;7128;7019;6963;6668;6440;6290;6228;6212;6194;6170;6147;6152;6153;6154;6217;6676;6571;6455;6294;6273;6207;6221;6222;6473;7081;6944;6688;1881;1898;1909;1938;1971;2008;1899;1843;1548;1320;1170;1108;1092;1074;1050;1027;1032;1033;1034;1097;1556;1451;1335;1174;1153;1087;1101;1102;1353;1961;1824;1568;15528;15511;15500;15471;15438;15401;15510;15566;15861;16089;16239;16301;16317;16335;16359;16382;16377;16376;16375;16312;15853;15958;16074;16235;16256;16322;16308;16307;16056;15448;15585;15841;8360;8343;8332;8303;8270;8233;8342;8398;8693;8921;9071;9133;9149;9167;9191;9214;9209;9208;9207;9144;8685;8790;8906;9067;9088;9154;9140;9139;8888;8280;8417;8673
7011;6989;6995;6979;7041;7108;7042;6923;6557;6388;6282;6235;6229;6213;6171;6150;6148;6149;6166;6158;6308;6853;6756;6520;6264;6283;6183;6327;6342;6689;7163;7059;1891;1869;1875;1859;1921;1988;1922;1803;1437;1268;1162;1115;1109;1093;1051;1030;1028;1029;1046;1038;1188;1733;1636;1400;1144;1163;1063;1207;1222;1569;2043;1939;15518;15540;15534;15550;15488;15421;15487;15606;15972;16141;16247;16294;16300;16316;16358;16379;16381;16380;16363;16371;16221;15676;15773;16009;16265;16246;16346;16202;16187;15840;15366;15470;8350;8372;8366;8382;8320;8253;8319;8438;8804;8973;9079;9126;9132;9148;9190;9211;9213;9212;9195;9203;9053;8508;8605;8841;9097;9078;9178;9034;9019;8672;8198;8302
6996;6980;6990;6991;7121;7060;7043;6854;6549;6441;6303;6258;6265;6241;6187;6162;6155;6156;6163;6178;6200;6585;6931;6843;6504;6456;6563;6505;6521;6586;6997;7122;1876;1860;1870;1871;2001;1940;1923;1734;1429;1321;1183;1138;1145;1121;1067;1042;1035;1036;1043;1058;1080;1465;1811;1723;1384;1336;1443;1385;1401;1466;1877;2002;15533;15549;15539;15538;15408;15469;15486;15675;15980;16088;16226;16271;16264;16288;16342;16367;16374;16373;16366;16351;16329;15944;15598;15686;16025;16073;15966;16024;16008;15943;15532;15407;8365;8381;8371;8370;8240;8301;8318;8507;8812;8920;9058;9103;9096;9120;9174;9199;9206;9205;9198;9183;9161;8776;8430;8518;8857;8905;8798;8856;8840;8775;8364;8239
6964;6972;6981;7036;7092;7109;7023;6806;6581;6468;6363;6372;6319;6244;6208;6175;6172;6168;6169;6188;6223;6389;6890;6891;6807;6343;6559;6703;6550;6564;6914;6998;1844;1852;1861;1916;1972;1989;1903;1686;1461;1348;1243;1252;1199;1124;1088;1055;1052;1048;1049;1068;1103;1269;1770;1771;1687;1223;1439;1583;1430;1444;1794;1878;15565;15557;15548;15493;15437;15420;15506;15723;15948;16061;16166;16157;16210;16285;16321;16354;16357;16361;16360;16341;16306;16140;15639;15638;15722;16186;15970;15826;15979;15965;15615;15531;8397;8389;8380;8325;8269;8252;8338;8555;8780;8893;8998;8989;9042;9117;9153;9186;9189;9193;9192;9173;9138;8972;8471;8470;8554;9018;8802;8658;8811;8797;8447;8363
6976;6982;7002;7061;7068;7129;6983;6789;6565;6423;6311;6483;6390;6242;6218;6179;6180;6176;6173;6201;6259;6312;6698;6932;6883;6761;6474;6535;6844;6576;6710;6790;1856;1862;1882;1941;1948;2009;1863;1669;1445;1303;1191;1363;1270;1122;1098;1059;1060;1056;1053;1081;1139;1192;1578;1812;1763;1641;1354;1415;1724;1456;1590;1670;15553;15547;15527;15468;15461;15400;15546;15740;15964;16106;16218;16046;16139;16287;16311;16350;16349;16353;16356;16328;16270;16217;15831;15597;15646;15768;16055;15994;15685;15953;15819;15739;8385;8379;8359;8300;8293;8232;8378;8572;8796;8938;9050;8878;8971;9119;9143;9182;9181;9185;9188;9160;9102;9049;8663;8429;8478;8600;8887;8826;8517;8785;8651;8571
6945;6946;6984;7082;7123;7147;6973;6735;6551;6449;6354;6536;6480;6313;6328;6274;6195;6164;6189;6230;6266;6291;6577;6947;6933;6878;6757;6492;6958;7047;6868;6704;1825;1826;1864;1962;2003;2027;1853;1615;1431;1329;1234;1416;1360;1193;1208;1154;1075;1044;1069;1110;1146;1171;1457;1827;1813;1758;1637;1372;1838;1927;1748;1584;15584;15583;15545;15447;15406;15382;15556;15794;15978;16080;16175;15993;16049;16216;16201;16255;16334;16365;16340;16299;16263;16238;15952;15582;15596;15651;15772;16037;15571;15482;15661;15825;8416;8415;8377;8279;8238;8214;8388;8626;8810;8912;9007;8825;8881;9048;9033;9087;9166;9197;9172;9131;9095;9070;8784;8414;8428;8483;8604;8869;8403;8314;8493;8657
6959;6965;6985;7048;7152;7093;6845;6828;6846;6717;6594;6522;6566;6669;6808;6705;6567;6320;6190;6236;6267;6304;6484;6855;6974;6884;6775;6718;6793;6966;7049;7083;1839;1845;1865;1928;2032;1973;1725;1708;1726;1597;1474;1402;1446;1549;1688;1585;1447;1200;1070;1116;1147;1184;1364;1735;1854;1764;1655;1598;1673;1846;1929;1963;15570;15564;15544;15481;15377;15436;15684;15701;15683;15812;15935;16007;15963;15860;15721;15824;15962;16209;16339;16293;16262;16225;16045;15674;15555;15645;15754;15811;15736;15563;15480;15446;8402;8396;8376;8313;8209;8268;8516;8533;8515;8644;8767;8839;8795;8692;8553;8656;8794;9041;9171;9125;9094;9057;8877;8506;8387;8477;8586;8643;8568;8395;8312;8278
6915;6934;6948;7024;7124;7050;6949;6899;6869;7003;6768;6249;6450;6690;6809;6587;6381;6415;6321;6209;6250;6314;6402;6699;6935;6900;6758;6829;6769;6746;6960;7148;1795;1814;1828;1904;2004;1930;1829;1779;1749;1883;1648;1129;1330;1570;1689;1467;1261;1295;1201;1089;1130;1194;1282;1579;1815;1780;1638;1709;1649;1626;1840;2028;15614;15595;15581;15505;15405;15479;15580;15630;15660;15526;15761;16280;16079;15839;15720;15942;16148;16114;16208;16320;16279;16215;16127;15830;15594;15629;15771;15700;15760;15783;15569;15381;8446;8427;8413;8337;8237;8311;8412;8462;8492;8358;8593;9112;8911;8671;8552;8774;8980;8946;9040;9152;9111;9047;8959;8662;8426;8461;8603;8532;8592;8615;8401;8213
6924;6905;6925;7034;7125;7130;6941;6950;6885;6951;6711;6174;6344;6736;6892;6926;6537;6391;6364;6231;6237;6284;6365;6595;6870;6847;6794;6759;6927;6893;7035;7114;1804;1785;1805;1914;2005;2010;1821;1830;1765;1831;1591;1054;1224;1616;1772;1806;1417;1271;1244;1111;1117;1164;1245;1475;1750;1727;1674;1639;1807;1773;1915;1994;15605;15624;15604;15495;15404;15399;15588;15579;15644;15578;15818;16355;16185;15793;15637;15603;15992;16138;16165;16298;16292;16245;16164;15934;15659;15682;15735;15770;15602;15636;15494;15415;8437;8456;8436;8327;8236;8231;8420;8411;8476;8410;8650;9187;9017;8625;8469;8435;8824;8970;8997;9130;9124;9077;8996;8766;8491;8514;8567;8602;8434;8468;8326;8247
6936;6886;6894;7004;7131;7100;6887;6916;6677;6871;6403;6167;6191;6538;6644;6442;6275;6475;6404;6268;6224;6260;6366;6552;6776;6856;6817;6737;6810;6906;7110;7030;1816;1766;1774;1884;2011;1980;1767;1796;1557;1751;1283;1047;1071;1418;1524;1322;1155;1355;1284;1148;1104;1140;1246;1432;1656;1736;1697;1617;1690;1786;1990;1910;15593;15643;15635;15525;15398;15429;15642;15613;15852;15658;16126;16362;16338;15991;15885;16087;16254;16054;16125;16261;16305;16269;16163;15977;15753;15673;15712;15792;15719;15623;15419;15499;8425;8475;8467;8357;8230;8261;8474;8445;8684;8490;8958;9194;9170;8823;8717;8919;9086;8886;8957;9093;9137;9101;8995;8809;8585;8505;8544;8624;8551;8455;8251;8331
6857;6858;6859;6917;7115;7069;6728;6568;6612;6678;6202;6192;6184;6392;6572;6476;6345;6238;6214;6210;6219;6276;6382;6506;6651;6795;6830;6749;6848;6831;7051;7101;1737;1738;1739;1797;1995;1949;1608;1448;1492;1558;1082;1072;1064;1272;1452;1356;1225;1118;1094;1090;1099;1156;1262;1386;1531;1675;1710;1629;1728;1711;1931;1981;15672;15671;15670;15612;15414;15460;15801;15961;15917;15851;16327;16337;16345;16137;15957;16053;16184;16291;16315;16319;16310;16253;16147;16023;15878;15734;15699;15780;15681;15698;15478;15428;8504;8503;8502;8444;8246;8292;8633;8793;8749;8683;9159;9169;9177;8969;8789;8885;9016;9123;9147;9151;9142;9085;8979;8855;8710;8566;8531;8612;8513;8530;8310;8260
6860;6849;6861;6811;7005;7070;6706;6596;6791;6469;6193;6196;6225;6346;6405;6277;6215;6181;6185;6226;6245;6285;6426;6498;6485;6582;6777;6778;6918;6907;7031;7116;1740;1729;1741;1691;1885;1950;1586;1476;1671;1349;1073;1076;1105;1226;1285;1157;1095;1061;1065;1106;1125;1165;1306;1378;1365;1462;1657;1658;1798;1787;1911;1996;15669;15680;15668;15718;15524;15459;15823;15933;15738;16060;16336;16333;16304;16183;16124;16252;16314;16348;16344;16303;16284;16244;16103;16031;16044;15947;15752;15751;15611;15622;15498;15413;8501;8512;8500;8550;8356;8291;8655;8765;8570;8892;9168;9165;9136;9015;8956;9084;9146;9180;9176;9135;9116;9076;8935;8863;8876;8779;8584;8583;8443;8454;8330;8245
6832;6833;6872;6818;6819;7006;6888;6820;6604;6203;6159;6197;6329;6406;6367;6269;6211;6204;6198;6246;6305;6393;6451;6427;6493;6588;6679;6779;6977;6895;7094;7117;1712;1713;1752;1698;1699;1886;1768;1700;1484;1083;1039;1077;1209;1286;1247;1149;1091;1084;1078;1126;1185;1273;1331;1307;1373;1468;1559;1659;1857;1775;1974;1997;15697;15696;15657;15711;15710;15523;15641;15709;15925;16326;16370;16332;16200;16123;16162;16260;16318;16325;16331;16283;16224;16136;16078;16102;16036;15941;15850;15750;15552;15634;15435;15412;8529;8528;8489;8543;8542;8355;8473;8541;8757;9158;9202;9164;9032;8955;8994;9092;9150;9157;9163;9115;9056;8968;8910;8934;8868;8773;8682;8582;8384;8466;8267;8244
6812;6850;6813;6750;6680;6796;6952;6908;6670;6286;6247;6295;6355;6494;6292;6251;6243;6227;6239;6278;6373;6459;6428;6443;6523;6539;6671;6942;6928;6953;7149;7020;1692;1730;1693;1630;1560;1676;1832;1788;1550;1166;1127;1175;1235;1374;1172;1131;1123;1107;1119;1158;1253;1339;1308;1323;1403;1419;1551;1822;1808;1833;2029;1900;15717;15679;15716;15779;15849;15733;15577;15621;15859;16243;16282;16234;16174;16035;16237;16278;16286;16302;16290;16251;16156;16070;16101;16086;16006;15990;15858;15587;15601;15576;15380;15509;8549;8511;8548;8611;8681;8565;8409;8453;8691;9075;9114;9066;9006;8867;9069;9110;9118;9134;9122;9083;8988;8902;8933;8918;8838;8822;8690;8419;8433;8408;8212;8341
6821;6822;6770;6707;6652;6645;6901;6961;6862;6751;6553;6540;6509;6407;6470;6232;6252;6253;6270;6322;6429;6430;6416;6477;6417;6481;6902;6967;6968;7037;7139;6797;1701;1702;1650;1587;1532;1525;1781;1841;1742;1631;1433;1420;1389;1287;1350;1112;1132;1133;1150;1202;1309;1310;1296;1357;1297;1361;1782;1847;1848;1917;2019;1677;15708;15707;15759;15822;15877;15884;15628;15568;15667;15778;15976;15989;16020;16122;16059;16297;16277;16276;16259;16207;16100;16099;16113;16052;16112;16048;15627;15562;15561;15492;15390;15732;8540;8539;8591;8654;8709;8716;8460;8400;8499;8610;8808;8821;8852;8954;8891;9129;9109;9108;9091;9039;8932;8931;8945;8884;8944;8880;8459;8394;8393;8324;8222;8564
6823;6798;6762;6729;6681;6633;6799;6954;6969;6738;6347;6160;6205;6220;6495;6431;6254;6315;6293;6296;6374;6368;6356;6510;6605;6739;7025;7044;7038;7012;7111;6613;1703;1678;1642;1609;1561;1513;1679;1834;1849;1618;1227;1040;1085;1100;1375;1311;1134;1195;1173;1176;1254;1248;1236;1390;1485;1619;1905;1924;1918;1892;1991;1493;15706;15731;15767;15800;15848;15896;15730;15575;15560;15791;16182;16369;16324;16309;16034;16098;16275;16214;16236;16233;16155;16161;16173;16019;15924;15790;15504;15485;15491;15517;15418;15916;8538;8563;8599;8632;8680;8728;8562;8407;8392;8623;9014;9201;9156;9141;8866;8930;9107;9046;9068;9065;8987;8993;9005;8851;8756;8622;8336;8317;8323;8349;8250;8748
6814;6771;6752;6712;6662;6627;6719;6909;6943;6606;6460;6279;6297;6357;6394;6486;6375;6383;6298;6271;6330;6376;6358;6573;6834;7013;7021;7095;7014;7015;6978;6653;1694;1651;1632;1592;1542;1507;1599;1789;1823;1486;1340;1159;1177;1237;1274;1366;1255;1263;1178;1151;1210;1256;1238;1453;1714;1893;1901;1975;1894;1895;1858;1533;15715;15758;15777;15817;15867;15902;15810;15620;15586;15923;16069;16250;16232;16172;16135;16043;16154;16146;16231;16258;16199;16153;16171;15956;15695;15516;15508;15434;15515;15514;15551;15876;8547;8590;8609;8649;8699;8734;8642;8452;8418;8755;8901;9082;9064;9004;8967;8875;8986;8978;9063;9090;9031;8985;9003;8788;8527;8348;8340;8266;8347;8346;8383;8708
6763;6730;6672;6628;6614;6589;6634;6873;6863;6597;6452;6487;6517;6528;6569;6529;6424;6444;6309;6299;6331;6395;6453;6590;6570;6999;6992;7052;7032;6970;6910;6874;1643;1610;1552;1508;1494;1469;1514;1753;1743;1477;1332;1367;1397;1408;1449;1409;1304;1324;1189;1179;1211;1275;1333;1470;1450;1879;1872;1932;1912;1850;1790;1754;15766;15799;15857;15901;15915;15940;15895;15656;15666;15932;16077;16042;16012;16001;15960;16000;16105;16085;16220;16230;16198;16134;16076;15939;15959;15530;15537;15477;15497;15559;15619;15655;8598;8631;8689;8733;8747;8772;8727;8488;8498;8764;8909;8874;8844;8833;8792;8832;8937;8917;9052;9062;9030;8966;8908;8771;8791;8362;8369;8309;8329;8391;8451;8487
6740;6691;6663;6598;6591;6615;6607;6764;6911;6713;6377;6280;6255;6256;6233;6408;6432;6433;6384;6369;6385;6409;6560;6499;6515;6937;7007;7071;6986;6912;6741;6654;1620;1571;1543;1478;1471;1495;1487;1644;1791;1593;1257;1160;1135;1136;1113;1288;1312;1313;1264;1249;1265;1289;1440;1379;1395;1817;1887;1951;1866;1792;1621;1534;15789;15838;15866;15931;15938;15914;15922;15765;15618;15816;16152;16249;16274;16273;16296;16121;16097;16096;16145;16160;16144;16120;15969;16030;16014;15592;15522;15458;15543;15617;15788;15875;8621;8670;8698;8763;8770;8746;8754;8597;8450;8648;8984;9081;9106;9105;9128;8953;8929;8928;8977;8992;8976;8952;8801;8862;8846;8424;8354;8290;8375;8449;8620;8707
6780;6708;6692;6629;6599;6616;6600;6646;6889;6938;6700;6578;6457;6410;6332;6333;6461;6434;6418;6435;6478;6546;6554;6334;6524;6919;6975;7062;7000;6875;6781;6835;1660;1588;1572;1509;1479;1496;1480;1526;1769;1818;1580;1458;1337;1290;1212;1213;1341;1314;1298;1315;1358;1426;1434;1214;1404;1799;1855;1942;1880;1755;1661;1715;15749;15821;15837;15900;15930;15913;15929;15883;15640;15591;15829;15951;16072;16119;16197;16196;16068;16095;16111;16094;16051;15983;15975;16195;16005;15610;15554;15467;15529;15654;15748;15694;8581;8653;8669;8732;8762;8745;8761;8715;8472;8423;8661;8783;8904;8951;9029;9028;8900;8927;8943;8926;8883;8815;8807;9027;8837;8442;8386;8299;8361;8486;8580;8526
6800;6742;6682;6601;6617;6608;6635;6618;6772;6864;6714;6619;6511;6462;6436;6411;6445;6437;6463;6500;6555;6541;6348;6335;6583;6824;6993;7063;7053;7033;7054;7102;1680;1622;1562;1481;1497;1488;1515;1498;1652;1744;1594;1499;1391;1342;1316;1291;1325;1317;1343;1380;1435;1421;1228;1215;1463;1704;1873;1943;1933;1913;1934;1982;15729;15787;15847;15928;15912;15921;15894;15911;15757;15665;15815;15910;16018;16067;16093;16118;16084;16092;16066;16029;15974;15988;16181;16194;15946;15705;15536;15466;15476;15496;15475;15427;8561;8619;8679;8760;8744;8753;8726;8743;8589;8497;8647;8742;8850;8899;8925;8950;8916;8924;8898;8861;8806;8820;9013;9026;8778;8537;8368;8298;8308;8328;8307;8259
6792;6747;6683;6609;6592;6620;6636;6621;6693;6876;6630;6419;6336;6412;6446;6438;6482;6542;6543;6530;6479;6349;6306;6337;6655;6782;6929;7118;7084;7072;7085;7073;1672;1627;1563;1489;1472;1500;1516;1501;1573;1756;1510;1299;1216;1292;1326;1318;1362;1422;1423;1410;1359;1229;1186;1217;1535;1662;1809;1998;1964;1952;1965;1953;15737;15782;15846;15920;15937;15909;15893;15908;15836;15653;15899;16110;16193;16117;16083;16091;16047;15987;15986;15999;16050;16180;16223;16192;15874;15747;15600;15411;15445;15457;15444;15456;8569;8614;8678;8752;8769;8741;8725;8740;8668;8485;8731;8942;9025;8949;8915;8923;8879;8819;8818;8831;8882;9012;9055;9024;8706;8579;8432;8243;8277;8289;8276;8288
6815;6731;6694;6656;6637;6638;6631;6632;6593;6836;6903;6639;6512;6525;6561;6579;6574;6547;6488;6420;6386;6370;6281;6350;6723;6684;6760;7126;7074;7086;7096;7075;1695;1611;1574;1536;1517;1518;1511;1512;1473;1716;1783;1519;1392;1405;1441;1459;1454;1427;1368;1300;1266;1250;1161;1230;1603;1564;1640;2006;1954;1966;1976;1955;15714;15798;15835;15873;15892;15891;15898;15897;15936;15693;15626;15890;16017;16004;15968;15950;15955;15982;16041;16109;16143;16159;16248;16179;15806;15845;15769;15403;15455;15443;15433;15454;8546;8630;8667;8705;8724;8723;8730;8729;8768;8525;8458;8722;8849;8836;8800;8782;8787;8814;8873;8941;8975;8991;9080;9011;8638;8677;8601;8235;8287;8275;8265;8286
6801;6720;6685;6657;6658;6640;6659;6647;6610;6955;7008;6920;6837;6783;6732;6664;6562;6471;6413;6396;6425;6316;6234;6447;6753;6513;6622;7064;7087;7065;7088;7066;1681;1600;1565;1537;1538;1520;1539;1527;1490;1835;1888;1800;1717;1663;1612;1544;1442;1351;1293;1276;1305;1196;1114;1327;1633;1393;1502;1944;1967;1945;1968;1946;15728;15809;15844;15872;15871;15889;15870;15882;15919;15574;15521;15609;15692;15746;15797;15865;15967;16058;16116;16133;16104;16213;16295;16082;15776;16016;15907;15465;15442;15464;15441;15463;8560;8641;8676;8704;8703;8721;8702;8714;8751;8406;8353;8441;8524;8578;8629;8697;8799;8890;8948;8965;8936;9045;9127;8914;8608;8848;8739;8297;8274;8296;8273;8295
6802;6715;6641;6648;6623;6602;6642;6611;6803;7132;7134;6896;6865;6825;6724;6531;6397;6378;6421;6398;6338;6272;6307;6643;6603;6448;6489;6939;7119;7067;7089;7076;1682;1595;1521;1528;1503;1482;1522;1491;1683;2012;2014;1776;1745;1705;1604;1411;1277;1258;1301;1278;1218;1152;1187;1523;1483;1328;1369;1819;1999;1947;1969;1956;15727;15814;15888;15881;15906;15927;15887;15918;15726;15397;15395;15633;15664;15704;15805;15998;16132;16151;16108;16131;16191;16257;16222;15886;15926;16081;16040;15590;15410;15462;15440;15453;8559;8646;8720;8713;8738;8759;8719;8750;8558;8229;8227;8465;8496;8536;8637;8830;8964;8983;8940;8963;9023;9089;9054;8718;8758;8913;8872;8422;8242;8294;8272;8285
6804;6721;6660;6665;6673;6686;6666;6701;7016;7156;7167;7055;6805;6877;6913;6784;6532;6323;6317;6359;6300;6324;6501;6624;6467;6379;6490;6956;7077;7112;7097;7078;1684;1601;1540;1545;1553;1566;1546;1581;1896;2036;2047;1935;1685;1757;1793;1664;1412;1203;1197;1239;1180;1204;1381;1504;1347;1259;1370;1836;1957;1992;1977;1958;15725;15808;15869;15864;15856;15843;15863;15828;15513;15373;15362;15474;15724;15652;15616;15745;15997;16206;16212;16170;16229;16205;16028;15905;16062;16150;16039;15573;15452;15417;15432;15451;8557;8640;8701;8696;8688;8675;8695;8660;8345;8205;8194;8306;8556;8484;8448;8577;8829;9038;9044;9002;9061;9037;8860;8737;8894;8982;8871;8405;8284;8249;8264;8283
6785;6733;6674;6695;6743;6786;6957;7045;7079;7153;7168;7160;6930;6765;6687;6625;6649;6472;6339;6360;6371;6502;6464;6465;6199;6310;6526;7017;6866;7022;7080;7098;1665;1613;1554;1575;1623;1666;1837;1925;1959;2033;2048;2040;1810;1645;1567;1505;1529;1352;1219;1240;1251;1382;1344;1345;1079;1190;1406;1897;1746;1902;1960;1978;15744;15796;15855;15834;15786;15743;15572;15484;15450;15376;15361;15369;15599;15764;15842;15904;15880;16057;16190;16169;16158;16027;16065;16064;16330;16219;16003;15512;15663;15507;15449;15431;8576;8628;8687;8666;8618;8575;8404;8316;8282;8208;8193;8201;8431;8596;8674;8736;8712;8889;9022;9001;8990;8859;8897;8896;9162;9051;8835;8344;8495;8339;8281;8263
13320;13315;13317;13324;13323;13442;13361;13316;13344;13435;13655;13756;13747;13779;13785;13937;14180;14241;14120;13965;13963;13974;13978;14141;13382;13487;13541;13519;13602;13614;13584;13601;10248;10243;10245;10252;10251;10370;10289;10244;10272;10363;10583;10684;10675;10707;10713;10865;11108;11169;11048;10893;10891;10902;10906;11069;10310;10415;10469;10447;10530;10542;10512;10529;5113;5118;5116;5109;5110;4991;5072;5117;5089;4998;4778;4677;4686;4654;4648;4496;4253;4192;4313;4468;4470;4459;4455;4292;5051;4946;4892;4914;4831;4819;4849;4832;4089;4094;4092;4085;4086;3967;4048;4093;4065;3974;3754;3653;3662;3630;3624;3472;3229;3168;3289;3444;3446;3435;3431;3268;4027;3922;3868;3890;3807;3795;3825;3808
13354;13331;13319;13327;13341;13472;13425;13343;13441;13694;13897;13933;13906;13985;14156;14194;14155;14220;14193;14067;14015;13973;13925;14101;13600;13368;13643;13715;13577;13583;13630;13642;10282;10259;10247;10255;10269;10400;10353;10271;10369;10622;10825;10861;10834;10913;11084;11122;11083;11148;11121;10995;10943;10901;10853;11029;10528;10296;10571;10643;10505;10511;10558;10570;5079;5102;5114;5106;5092;4961;5008;5090;4992;4739;4536;4500;4527;4448;4277;4239;4278;4213;4240;4366;4418;4460;4508;4332;4833;5065;4790;4718;4856;4850;4803;4791;4055;4078;4090;4082;4068;3937;3984;4066;3968;3715;3512;3476;3503;3424;3253;3215;3254;3189;3216;3342;3394;3436;3484;3308;3809;4041;3766;3694;3832;3826;3779;3767
13378;13340;13326;13339;13346;13322;13377;13494;13641;13755;13737;13727;13726;13772;13784;13765;13814;13923;14059;14224;14082;14119;13984;13967;14265;13936;13376;13708;13806;13560;13733;13629;10306;10268;10254;10267;10274;10250;10305;10422;10569;10683;10665;10655;10654;10700;10712;10693;10742;10851;10987;11152;11010;11047;10912;10895;11193;10864;10304;10636;10734;10488;10661;10557;5055;5093;5107;5094;5087;5111;5056;4939;4792;4678;4696;4706;4707;4661;4649;4668;4619;4510;4374;4209;4351;4314;4449;4466;4168;4497;5057;4725;4627;4873;4700;4804;4031;4069;4083;4070;4063;4087;4032;3915;3768;3654;3672;3682;3683;3637;3625;3644;3595;3486;3350;3185;3327;3290;3425;3442;3144;3473;4033;3701;3603;3849;3676;3780
13424;13375;13345;13338;13337;13336;13374;13510;13654;13693;13820;13948;14023;14094;14081;14042;13962;13855;13640;13947;14179;14219;14130;13954;14233;14336;14027;13455;13714;13736;13707;13665;10352;10303;10273;10266;10265;10264;10302;10438;10582;10621;10748;10876;10951;11022;11009;10970;10890;10783;10568;10875;11107;11147;11058;10882;11161;11264;10955;10383;10642;10664;10635;10593;5009;5058;5088;5095;5096;5097;5059;4923;4779;4740;4613;4485;4410;4339;4352;4391;4471;4578;4793;4486;4254;4214;4303;4479;4200;4097;4406;4978;4719;4697;4726;4768;3985;4034;4064;4071;4072;4073;4035;3899;3755;3716;3589;3461;3386;3315;3328;3367;3447;3554;3769;3462;3230;3190;3279;3455;3176;3073;3382;3954;3695;3673;3702;3744
13471;13454;13391;13335;13330;13348;13453;13559;13599;13901;14140;14275;14295;14304;14316;14330;14335;14320;14129;13759;13990;14218;14192;14080;14163;14299;14324;14128;13493;13639;13831;13754;10399;10382;10319;10263;10258;10276;10381;10487;10527;10829;11068;11203;11223;11232;11244;11258;11263;11248;11057;10687;10918;11146;11120;11008;11091;11227;11252;11056;10421;10567;10759;10682;4962;4979;5042;5098;5103;5085;4980;4874;4834;4532;4293;4158;4138;4129;4117;4103;4098;4113;4304;4674;4443;4215;4241;4353;4270;4134;4109;4305;4940;4794;4602;4679;3938;3955;4018;4074;4079;4061;3956;3850;3810;3508;3269;3134;3114;3105;3093;3079;3074;3089;3280;3650;3419;3191;3217;3329;3246;3110;3085;3281;3916;3770;3578;3655
13480;13463;13452;13423;13390;13353;13462;13518;13813;14041;14191;14253;14269;14287;14311;14334;14329;14328;14327;14264;13805;13910;14026;14187;14208;14274;14260;14259;14008;13400;13537;13793;10408;10391;10380;10351;10318;10281;10390;10446;10741;10969;11119;11181;11197;11215;11239;11262;11257;11256;11255;11192;10733;10838;10954;11115;11136;11202;11188;11187;10936;10328;10465;10721;4953;4970;4981;5010;5043;5080;4971;4915;4620;4392;4242;4180;4164;4146;4122;4099;4104;4105;4106;4169;4628;4523;4407;4246;4225;4159;4173;4174;4425;5033;4896;4640;3929;3946;3957;3986;4019;4056;3947;3891;3596;3368;3218;3156;3140;3122;3098;3075;3080;3081;3082;3145;3604;3499;3383;3222;3201;3135;3149;3150;3401;4009;3872;3616
13470;13492;13486;13502;13440;13373;13439;13558;13924;14093;14199;14246;14252;14268;14310;14331;14333;14332;14315;14323;14173;13628;13725;13961;14217;14198;14298;14154;14139;13792;13318;13422;10398;10420;10414;10430;10368;10301;10367;10486;10852;11021;11127;11174;11180;11196;11238;11259;11261;11260;11243;11251;11101;10556;10653;10889;11145;11126;11226;11082;11067;10720;10246;10350;4963;4941;4947;4931;4993;5060;4994;4875;4509;4340;4234;4187;4181;4165;4123;4102;4100;4101;4118;4110;4260;4805;4708;4472;4216;4235;4135;4279;4294;4641;5115;5011;3939;3917;3923;3907;3969;4036;3970;3851;3485;3316;3210;3163;3157;3141;3099;3078;3076;3077;3094;3086;3236;3781;3684;3448;3192;3211;3111;3255;3270;3617;4091;3987
13485;13501;13491;13490;13360;13421;13438;13627;13932;14040;14178;14223;14216;14240;14294;14319;14326;14325;14318;14303;14281;13896;13550;13638;13977;14025;13918;13976;13960;13895;13484;13359;10413;10429;10419;10418;10288;10349;10366;10555;10860;10968;11106;11151;11144;11168;11222;11247;11254;11253;11246;11231;11209;10824;10478;10566;10905;10953;10846;10904;10888;10823;10412;10287;4948;4932;4942;4943;5073;5012;4995;4806;4501;4393;4255;4210;4217;4193;4139;4114;4107;4108;4115;4130;4152;4537;4883;4795;4456;4408;4515;4457;4473;4538;4949;5074;3924;3908;3918;3919;4049;3988;3971;3782;3477;3369;3231;3186;3193;3169;3115;3090;3083;3084;3091;3106;3128;3513;3859;3771;3432;3384;3491;3433;3449;3514;3925;4050
13517;13509;13500;13445;13389;13372;13458;13675;13900;14013;14118;14109;14162;14237;14273;14306;14309;14313;14312;14293;14258;14092;13591;13590;13674;14138;13922;13778;13931;13917;13567;13483;10445;10437;10428;10373;10317;10300;10386;10603;10828;10941;11046;11037;11090;11165;11201;11234;11237;11241;11240;11221;11186;11020;10519;10518;10602;11066;10850;10706;10859;10845;10495;10411;4916;4924;4933;4988;5044;5061;4975;4758;4533;4420;4315;4324;4271;4196;4160;4127;4124;4120;4121;4140;4175;4341;4842;4843;4759;4295;4511;4655;4502;4516;4866;4950;3892;3900;3909;3964;4020;4037;3951;3734;3509;3396;3291;3300;3247;3172;3136;3103;3100;3096;3097;3116;3151;3317;3818;3819;3735;3271;3487;3631;3478;3492;3842;3926
13505;13499;13479;13420;13413;13352;13498;13692;13916;14058;14170;13998;14091;14239;14263;14302;14301;14305;14308;14280;14222;14169;13783;13549;13598;13720;14007;13946;13637;13905;13771;13691;10433;10427;10407;10348;10341;10280;10426;10620;10844;10986;11098;10926;11019;11167;11191;11230;11229;11233;11236;11208;11150;11097;10711;10477;10526;10648;10935;10874;10565;10833;10699;10619;4928;4934;4954;5013;5020;5081;4935;4741;4517;4375;4263;4435;4342;4194;4170;4131;4132;4128;4125;4153;4211;4264;4650;4884;4835;4713;4426;4487;4796;4528;4662;4742;3904;3910;3930;3989;3996;4057;3911;3717;3493;3351;3239;3411;3318;3170;3146;3107;3108;3104;3101;3129;3187;3240;3626;3860;3811;3689;3402;3463;3772;3504;3638;3718
13536;13535;13497;13399;13358;13334;13508;13746;13930;14032;14127;13945;14001;14168;14153;14207;14286;14317;14292;14251;14215;14190;13904;13534;13548;13603;13724;13989;13523;13434;13613;13777;10464;10463;10425;10327;10286;10262;10436;10674;10858;10960;11055;10873;10929;11096;11081;11135;11214;11245;11220;11179;11143;11118;10832;10462;10476;10531;10652;10917;10451;10362;10541;10705;4897;4898;4936;5034;5075;5099;4925;4687;4503;4401;4306;4488;4432;4265;4280;4226;4147;4116;4141;4182;4218;4243;4529;4899;4885;4830;4709;4444;4910;4999;4820;4656;3873;3874;3912;4010;4051;4075;3901;3663;3479;3377;3282;3464;3408;3241;3256;3202;3123;3092;3117;3158;3194;3219;3505;3875;3861;3806;3685;3420;3886;3975;3796;3632
13522;13516;13496;13433;13329;13388;13636;13653;13635;13764;13887;13959;13915;13812;13673;13776;13914;14161;14291;14245;14214;14177;13997;13626;13507;13597;13706;13763;13688;13515;13432;13398;10450;10444;10424;10361;10257;10316;10564;10581;10563;10692;10815;10887;10843;10740;10601;10704;10842;11089;11219;11173;11142;11105;10925;10554;10435;10525;10634;10691;10616;10443;10360;10326;4911;4917;4937;5000;5104;5045;4797;4780;4798;4669;4546;4474;4518;4621;4760;4657;4519;4272;4142;4188;4219;4256;4436;4807;4926;4836;4727;4670;4745;4918;5001;5035;3887;3893;3913;3976;4080;4021;3773;3756;3774;3645;3522;3450;3494;3597;3736;3633;3495;3248;3118;3164;3195;3232;3412;3783;3902;3812;3703;3646;3721;3894;3977;4011
13566;13547;13533;13457;13357;13431;13532;13582;13612;13478;13713;14232;14031;13791;13672;13894;14100;14066;14160;14272;14231;14167;14079;13782;13546;13581;13723;13652;13712;13735;13521;13333;10494;10475;10461;10385;10285;10359;10460;10510;10540;10406;10641;11160;10959;10719;10600;10822;11028;10994;11088;11200;11159;11095;11007;10710;10474;10509;10651;10580;10640;10663;10449;10261;4867;4886;4900;4976;5076;5002;4901;4851;4821;4955;4720;4201;4402;4642;4761;4539;4333;4367;4273;4161;4202;4266;4354;4651;4887;4852;4710;4781;4721;4698;4912;5100;3843;3862;3876;3952;4052;3978;3877;3827;3797;3931;3696;3177;3378;3618;3737;3515;3309;3343;3249;3137;3178;3242;3330;3627;3863;3828;3686;3757;3697;3674;3888;4076
13557;13576;13556;13447;13356;13351;13540;13531;13596;13530;13770;14307;14137;13745;13589;13555;13944;14090;14117;14250;14244;14197;14116;13886;13611;13634;13687;13722;13554;13588;13446;13367;10485;10504;10484;10375;10284;10279;10468;10459;10524;10458;10698;11235;11065;10673;10517;10483;10872;11018;11045;11178;11172;11125;11044;10814;10539;10562;10615;10650;10482;10516;10374;10295;4876;4857;4877;4986;5077;5082;4893;4902;4837;4903;4663;4126;4296;4688;4844;4878;4489;4343;4316;4183;4189;4236;4317;4547;4822;4799;4746;4711;4879;4845;4987;5066;3852;3833;3853;3962;4053;4058;3869;3878;3813;3879;3639;3102;3272;3664;3820;3854;3465;3319;3292;3159;3165;3212;3293;3523;3798;3775;3722;3687;3855;3821;3963;4042
13545;13595;13587;13477;13350;13381;13594;13565;13804;13610;14078;14314;14290;13943;13837;14039;14206;14006;14077;14213;14257;14221;14115;13929;13705;13625;13664;13744;13671;13575;13371;13451;10473;10523;10515;10405;10278;10309;10522;10493;10732;10538;11006;11242;11218;10871;10765;10967;11134;10934;11005;11141;11185;11149;11043;10857;10633;10553;10592;10672;10599;10503;10299;10379;4888;4838;4846;4956;5083;5052;4839;4868;4629;4823;4355;4119;4143;4490;4596;4394;4227;4427;4356;4220;4176;4212;4318;4504;4728;4808;4769;4689;4762;4858;5062;4982;3864;3814;3822;3932;4059;4028;3815;3844;3605;3799;3331;3095;3119;3466;3572;3370;3203;3403;3332;3196;3152;3188;3294;3480;3704;3784;3745;3665;3738;3834;4038;3958
13624;13623;13622;13564;13366;13412;13753;13913;13869;13803;14279;14289;14297;14089;13909;14005;14136;14243;14267;14271;14262;14205;14099;13975;13830;13686;13651;13732;13633;13650;13430;13380;10552;10551;10550;10492;10294;10340;10681;10841;10797;10731;11207;11217;11225;11017;10837;10933;11064;11171;11195;11199;11190;11133;11027;10903;10758;10614;10579;10660;10561;10578;10358;10308;4809;4810;4811;4869;5067;5021;4680;4520;4564;4630;4154;4144;4136;4344;4524;4428;4297;4190;4166;4162;4171;4228;4334;4458;4603;4747;4782;4701;4800;4783;5003;5053;3785;3786;3787;3845;4043;3997;3656;3496;3540;3606;3130;3120;3112;3320;3500;3404;3273;3166;3142;3138;3147;3204;3310;3434;3579;3723;3758;3677;3776;3759;3979;4029
13621;13632;13620;13670;13476;13411;13775;13885;13690;14012;14288;14285;14256;14135;14076;14204;14266;14300;14296;14255;14236;14196;14055;13983;13996;13899;13704;13703;13563;13574;13450;13365;10549;10560;10548;10598;10404;10339;10703;10813;10618;10940;11216;11213;11184;11063;11004;11132;11194;11228;11224;11183;11164;11124;10983;10911;10924;10827;10632;10631;10491;10502;10378;10293;4812;4801;4813;4763;4957;5022;4658;4548;4743;4421;4145;4148;4177;4298;4357;4229;4167;4133;4137;4178;4197;4237;4378;4450;4437;4534;4729;4730;4870;4859;4983;5068;3788;3777;3789;3739;3933;3998;3634;3524;3719;3397;3121;3124;3153;3274;3333;3205;3143;3109;3113;3154;3173;3213;3354;3426;3413;3510;3705;3706;3846;3835;3959;4044
13649;13648;13609;13663;13662;13475;13593;13661;13877;14278;14322;14284;14152;14075;14114;14212;14270;14277;14283;14235;14176;14088;14030;14054;13988;13893;13802;13702;13504;13586;13387;13364;10577;10576;10537;10591;10590;10403;10521;10589;10805;11206;11250;11212;11080;11003;11042;11140;11198;11205;11211;11163;11104;11016;10958;10982;10916;10821;10730;10630;10432;10514;10315;10292;4784;4785;4824;4770;4771;4958;4840;4772;4556;4155;4111;4149;4281;4358;4319;4221;4163;4156;4150;4198;4257;4345;4403;4379;4445;4540;4631;4731;4929;4847;5046;5069;3760;3761;3800;3746;3747;3934;3816;3748;3532;3131;3087;3125;3257;3334;3295;3197;3139;3132;3126;3174;3233;3321;3379;3355;3421;3516;3607;3707;3905;3823;4022;4045
13669;13631;13668;13731;13801;13685;13529;13573;13811;14195;14234;14186;14126;13987;14189;14230;14238;14254;14242;14203;14108;14022;14053;14038;13958;13942;13810;13539;13553;13528;13332;13461;10597;10559;10596;10659;10729;10613;10457;10501;10739;11123;11162;11114;11054;10915;11117;11158;11166;11182;11170;11131;11036;10950;10981;10966;10886;10870;10738;10467;10481;10456;10260;10389;4764;4802;4765;4702;4632;4748;4904;4860;4622;4238;4199;4247;4307;4446;4244;4203;4195;4179;4191;4230;4325;4411;4380;4395;4475;4491;4623;4894;4880;4905;5101;4972;3740;3778;3741;3678;3608;3724;3880;3836;3598;3214;3175;3223;3283;3422;3220;3179;3171;3155;3167;3206;3301;3387;3356;3371;3451;3467;3599;3870;3856;3881;4077;3948
13660;13659;13711;13774;13829;13836;13580;13520;13619;13730;13928;13941;13972;14074;14011;14249;14229;14228;14211;14159;14052;14051;14065;14004;14064;14000;13579;13514;13513;13444;13342;13684;10588;10587;10639;10702;10757;10764;10508;10448;10547;10658;10856;10869;10900;11002;10939;11177;11157;11156;11139;11087;10980;10979;10993;10932;10992;10928;10507;10442;10441;10372;10270;10612;4773;4774;4722;4659;4604;4597;4853;4913;4814;4703;4505;4492;4461;4359;4422;4184;4204;4205;4222;4274;4381;4382;4368;4429;4369;4433;4854;4919;4920;4989;5091;4749;3749;3750;3698;3635;3580;3573;3829;3889;3790;3679;3481;3468;3437;3335;3398;3160;3180;3181;3198;3250;3357;3358;3344;3405;3345;3409;3830;3895;3896;3965;4067;3725
13658;13683;13719;13752;13800;13848;13682;13527;13512;13743;14134;14321;14276;14261;13986;14050;14227;14166;14188;14185;14107;14113;14125;13971;13876;13742;13456;13437;13443;13469;13370;13868;10586;10611;10647;10680;10728;10776;10610;10455;10440;10671;11062;11249;11204;11189;10914;10978;11155;11094;11116;11113;11035;11041;11053;10899;10804;10670;10384;10365;10371;10397;10298;10796;4775;4750;4714;4681;4633;4585;4751;4906;4921;4690;4299;4112;4157;4172;4447;4383;4206;4267;4245;4248;4326;4320;4308;4462;4557;4691;4977;4996;4990;4964;5063;4565;3751;3726;3690;3657;3609;3561;3727;3882;3897;3666;3275;3088;3133;3148;3423;3359;3182;3243;3221;3224;3302;3296;3284;3438;3533;3667;3953;3972;3966;3940;4039;3541
13667;13710;13729;13769;13819;13854;13762;13572;13538;13875;14021;14202;14184;14124;14087;13995;14106;14098;14183;14210;14151;14105;14123;13908;13647;13468;13460;13386;13467;13466;13503;13828;10595;10638;10657;10697;10747;10782;10690;10500;10466;10803;10949;11130;11112;11052;11015;10923;11034;11026;11111;11138;11079;11033;11051;10836;10575;10396;10388;10314;10395;10394;10431;10756;4766;4723;4704;4664;4614;4579;4671;4861;4895;4558;4412;4231;4249;4309;4346;4438;4327;4335;4250;4223;4282;4328;4310;4525;4786;4965;4973;5047;4966;4967;4930;4605;3742;3699;3680;3640;3590;3555;3647;3837;3871;3534;3388;3207;3225;3285;3322;3414;3303;3311;3226;3199;3258;3304;3286;3501;3762;3941;3949;4023;3942;3943;3906;3581
13718;13751;13809;13853;13867;13892;13847;13608;13618;13884;14029;13994;13964;13953;13912;13952;14057;14037;14172;14182;14150;14086;14028;13891;13911;13482;13489;13429;13449;13511;13571;13607;10646;10679;10737;10781;10795;10820;10775;10536;10546;10812;10957;10922;10892;10881;10840;10880;10985;10965;11100;11110;11078;11014;10956;10819;10839;10410;10417;10357;10377;10439;10499;10535;4715;4682;4624;4580;4566;4541;4586;4825;4815;4549;4404;4439;4469;4480;4521;4481;4376;4396;4261;4251;4283;4347;4405;4542;4522;4951;4944;5004;4984;4922;4862;4826;3691;3658;3600;3556;3542;3517;3562;3801;3791;3525;3380;3415;3445;3456;3497;3457;3352;3372;3237;3227;3259;3323;3381;3518;3498;3927;3920;3980;3960;3898;3838;3802
13741;13790;13818;13883;13890;13866;13874;13717;13570;13768;14104;14201;14226;14225;14248;14073;14049;14048;14097;14112;14096;14072;13921;13982;13966;13544;13474;13410;13495;13569;13740;13827;10669;10718;10746;10811;10818;10794;10802;10645;10498;10696;11032;11129;11154;11153;11176;11001;10977;10976;11025;11040;11024;11000;10849;10910;10894;10472;10402;10338;10423;10497;10668;10755;4692;4643;4615;4550;4543;4567;4559;4716;4863;4665;4329;4232;4207;4208;4185;4360;4384;4385;4336;4321;4337;4361;4512;4451;4467;4889;4959;5023;4938;4864;4693;4606;3668;3619;3591;3526;3519;3543;3535;3692;3839;3641;3305;3208;3183;3184;3161;3336;3360;3361;3312;3297;3313;3337;3488;3427;3443;3865;3935;3999;3914;3840;3669;3582
13701;13773;13789;13852;13882;13865;13881;13835;13592;13543;13781;13903;14024;14071;14149;14148;14020;14047;14063;14046;14003;13935;13927;14147;13957;13562;13506;13419;13481;13606;13700;13646;10629;10701;10717;10780;10810;10793;10809;10763;10520;10471;10709;10831;10952;10999;11077;11076;10948;10975;10991;10974;10931;10863;10855;11075;10885;10490;10434;10347;10409;10534;10628;10574;4732;4660;4644;4581;4551;4568;4552;4598;4841;4890;4652;4530;4409;4362;4284;4285;4413;4386;4370;4387;4430;4498;4506;4286;4476;4871;4927;5014;4952;4827;4733;4787;3708;3636;3620;3557;3527;3544;3528;3574;3817;3866;3628;3506;3385;3338;3260;3261;3389;3362;3346;3363;3406;3474;3482;3262;3452;3847;3903;3990;3928;3803;3709;3763
13681;13739;13799;13880;13864;13873;13846;13863;13709;13617;13767;13862;13970;14019;14045;14070;14036;14044;14018;13981;13926;13940;14133;14146;13898;13657;13488;13418;13428;13448;13427;13379;10609;10667;10727;10808;10792;10801;10774;10791;10637;10545;10695;10790;10898;10947;10973;10998;10964;10972;10946;10909;10854;10868;11061;11074;10826;10585;10416;10346;10356;10376;10355;10307;4752;4694;4634;4553;4569;4560;4587;4570;4724;4816;4666;4571;4463;4414;4388;4363;4397;4389;4415;4452;4507;4493;4300;4287;4535;4776;4945;5015;5005;4985;5006;5054;3728;3670;3610;3529;3545;3536;3563;3546;3700;3792;3642;3547;3439;3390;3364;3339;3373;3365;3391;3428;3483;3469;3276;3263;3511;3752;3921;3991;3981;3961;3982;4030
13689;13734;13798;13872;13889;13861;13845;13860;13788;13605;13851;14062;14145;14069;14035;14043;13999;13939;13938;13951;14002;14132;14175;14144;13826;13699;13552;13363;13397;13409;13396;13408;10617;10662;10726;10800;10817;10789;10773;10788;10716;10533;10779;10990;11073;10997;10963;10971;10927;10867;10866;10879;10930;11060;11103;11072;10754;10627;10480;10291;10325;10337;10324;10336;4744;4699;4635;4561;4544;4572;4588;4573;4645;4828;4582;4371;4288;4364;4398;4390;4434;4494;4495;4482;4431;4301;4258;4289;4607;4734;4881;5070;5036;5024;5037;5025;3720;3675;3611;3537;3520;3548;3564;3549;3621;3804;3558;3347;3264;3340;3374;3366;3410;3470;3471;3458;3407;3277;3234;3265;3583;3710;3857;4046;4012;4000;4013;4001
13666;13750;13787;13825;13844;13843;13850;13849;13888;13645;13578;13842;13969;13956;13920;13902;13907;13934;13993;14061;14095;14111;14200;14131;13758;13797;13721;13355;13407;13395;13385;13406;10594;10678;10715;10753;10772;10771;10778;10777;10816;10573;10506;10770;10897;10884;10848;10830;10835;10862;10921;10989;11023;11039;11128;11059;10686;10725;10649;10283;10335;10323;10313;10334;4767;4683;4646;4608;4589;4590;4583;4584;4545;4788;4855;4591;4464;4477;4513;4531;4526;4499;4440;4372;4338;4322;4233;4302;4675;4636;4712;5078;5026;5038;5048;5027;3743;3659;3622;3584;3565;3566;3559;3560;3521;3764;3831;3567;3440;3453;3489;3507;3502;3475;3416;3348;3314;3298;3209;3278;3651;3612;3688;4054;4002;4014;4024;4003
13680;13761;13796;13824;13823;13841;13822;13834;13871;13526;13473;13561;13644;13698;13749;13817;13919;14010;14068;14085;14056;14165;14247;14034;13728;13968;13859;13417;13394;13416;13393;13415;10608;10689;10724;10752;10751;10769;10750;10762;10799;10454;10401;10489;10572;10626;10677;10745;10847;10938;10996;11013;10984;11093;11175;10962;10656;10896;10787;10345;10322;10344;10321;10343;4753;4672;4637;4609;4610;4592;4611;4599;4562;4907;4960;4872;4789;4735;4684;4616;4514;4423;4365;4348;4377;4268;4186;4399;4705;4465;4574;5016;5039;5017;5040;5018;3729;3648;3613;3585;3586;3568;3587;3575;3538;3883;3936;3848;3765;3711;3660;3592;3490;3399;3341;3324;3353;3244;3162;3375;3681;3441;3550;3992;4015;3993;4016;3994
13679;13766;13840;13833;13858;13879;13839;13870;13678;13349;13347;13585;13616;13656;13757;13950;14084;14103;14060;14083;14143;14209;14174;13838;13878;14033;13992;13542;13362;13414;13392;13405;10607;10694;10768;10761;10786;10807;10767;10798;10606;10277;10275;10513;10544;10584;10685;10878;11012;11031;10988;11011;11071;11137;11102;10766;10806;10961;10920;10470;10290;10342;10320;10333;4754;4667;4593;4600;4575;4554;4594;4563;4755;5084;5086;4848;4817;4777;4676;4483;4349;4330;4373;4350;4290;4224;4259;4595;4555;4400;4441;4891;5071;5019;5041;5028;3730;3643;3569;3576;3551;3530;3570;3539;3731;4060;4062;3824;3793;3753;3652;3459;3325;3306;3349;3326;3266;3200;3235;3571;3531;3376;3417;3867;4047;3995;4017;4004
13677;13760;13821;13816;13808;13795;13815;13780;13465;13325;13314;13426;13676;13604;13568;13697;13949;14158;14164;14122;14181;14157;13980;13857;14014;14102;13991;13525;13404;13369;13384;13403;10605;10688;10749;10744;10736;10723;10743;10708;10393;10253;10242;10354;10604;10532;10496;10625;10877;11086;11092;11050;11109;11085;10908;10785;10942;11030;10919;10453;10332;10297;10312;10331;4756;4673;4612;4617;4625;4638;4618;4653;4968;5108;5119;5007;4757;4829;4865;4736;4484;4275;4269;4311;4252;4276;4453;4576;4419;4331;4442;4908;5029;5064;5049;5030;3732;3649;3588;3593;3601;3614;3594;3629;3944;4084;4095;3983;3733;3805;3841;3712;3460;3251;3245;3287;3228;3252;3429;3552;3395;3307;3418;3884;4005;4040;4025;4006
13696;13748;13807;13786;13738;13695;13524;13436;13402;13328;13313;13321;13551;13716;13794;13856;13832;14009;14142;14121;14110;13979;14017;14016;14282;14171;13955;13464;13615;13459;13401;13383;10624;10676;10735;10714;10666;10623;10452;10364;10330;10256;10241;10249;10479;10644;10722;10784;10760;10937;11070;11049;11038;10907;10945;10944;11210;11099;10883;10392;10543;10387;10329;10311;4737;4685;4626;4647;4695;4738;4909;4997;5031;5105;5120;5112;4882;4717;4639;4577;4601;4424;4291;4312;4323;4454;4416;4417;4151;4262;4478;4969;4818;4974;5032;5050;3713;3661;3602;3623;3671;3714;3885;3973;4007;4081;4096;4088;3858;3693;3615;3553;3577;3400;3267;3288;3299;3430;3392;3393;3127;3238;3454;3945;3794;3950;4008;4026
