16310;16311;16048;16103;16244;16312;15978;15979;16100;16026;15775;15413;15612;15699;15704;15842;9133;9072;9048;8918;8694;8605;8563;8540;8634;9049;8498;8388;8370;8330;8294;8268;1099;1098;1361;1306;1165;1097;1431;1430;1309;1383;1634;1996;1797;1710;1705;1567;6228;6289;6313;6443;6667;6756;6798;6821;6727;6312;6863;6973;6991;7031;7067;7093;7094;7095;6832;6887;7028;7096;6762;6763;6884;6810;6559;6197;6396;6483;6488;6626;1965;1904;1880;1750;1526;1437;1395;1372;1466;1881;1330;1220;1202;1162;1126;1100;8267;8266;8529;8474;8333;8265;8599;8598;8477;8551;8802;9164;8965;8878;8873;8735;15444;15505;15529;15659;15883;15972;16014;16037;15943;15528;16079;16189;16207;16247;16283;16309
16308;16192;16047;15690;15676;15691;15606;15692;16101;15977;15688;15371;15613;15700;15705;15843;9134;9071;9070;8789;8788;8635;8480;8782;8973;8972;8900;8387;8376;8329;8293;8386;1101;1217;1362;1719;1733;1718;1803;1717;1308;1432;1721;2038;1796;1709;1704;1566;6227;6290;6291;6572;6573;6726;6881;6579;6388;6389;6461;6974;6985;7032;7068;6975;7092;6976;6831;6474;6460;6475;6390;6476;6885;6761;6472;6155;6397;6484;6489;6627;1966;1903;1902;1621;1620;1467;1312;1614;1805;1804;1732;1219;1208;1161;1125;1218;8269;8385;8530;8887;8901;8886;8971;8885;8476;8600;8889;9206;8964;8877;8872;8734;15443;15506;15507;15788;15789;15942;16097;15795;15604;15605;15677;16190;16201;16248;16284;16191
16307;16258;16370;16359;16224;15980;15607;15706;16102;15976;15689;15414;15614;15662;15845;15844;9135;9069;9017;8693;8692;8651;8650;8952;9168;8501;8590;8372;8371;8291;8292;8318;1102;1151;1039;1050;1185;1429;1802;1703;1307;1433;1720;1995;1795;1747;1564;1565;6226;6292;6344;6668;6669;6710;6711;6409;6193;6860;6771;6989;6990;7070;7069;7043;7091;7042;7154;7143;7008;6764;6391;6490;6886;6760;6473;6198;6398;6446;6629;6628;1967;1901;1849;1525;1524;1483;1482;1784;2000;1333;1422;1204;1203;1123;1124;1150;8270;8319;8207;8218;8353;8597;8970;8871;8475;8601;8888;9163;8963;8915;8732;8733;15442;15508;15560;15884;15885;15926;15927;15625;15409;16076;15987;16205;16206;16286;16285;16259
16305;16306;16159;16226;16225;16131;16106;15965;16027;15975;15796;15415;15416;15615;15675;15846;9211;9210;9018;8757;8624;8691;8649;8951;9155;8763;8499;8497;8383;8328;8327;8273;1104;1103;1250;1183;1184;1278;1303;1444;1382;1434;1613;1994;1993;1794;1734;1563;6150;6151;6343;6604;6737;6670;6712;6410;6206;6598;6862;6864;6978;7033;7034;7088;7089;7090;6943;7010;7009;6915;6890;6749;6811;6759;6580;6199;6200;6399;6459;6630;2043;2042;1850;1589;1456;1523;1481;1783;1987;1595;1331;1329;1215;1160;1159;1105;8272;8271;8418;8351;8352;8446;8471;8612;8550;8602;8781;9162;9161;8962;8902;8731;15366;15367;15559;15820;15953;15886;15928;15626;15422;15814;16078;16080;16194;16249;16250;16304
16260;16104;16070;16069;16022;15969;15970;15873;15971;16028;15856;15417;15588;15654;15674;15847;9136;9202;8933;8783;8755;8690;8648;8697;8762;8921;8898;8496;8380;8378;8326;8274;1149;1305;1339;1340;1387;1440;1439;1536;1438;1381;1553;1992;1821;1755;1735;1562;6225;6159;6428;6578;6606;6671;6713;6664;6599;6440;6463;6865;6981;6983;7035;7087;7044;6888;6854;6853;6806;6753;6754;6657;6755;6812;6640;6201;6372;6438;6458;6631;1968;2034;1765;1615;1587;1522;1480;1529;1594;1753;1730;1328;1212;1210;1158;1106;8317;8473;8507;8508;8555;8608;8607;8704;8606;8549;8721;9160;8989;8923;8903;8730;15441;15375;15644;15794;15822;15887;15929;15880;15815;15656;15679;16081;16197;16199;16251;16303
16254;16281;16360;16354;16200;16158;16105;15966;16029;15974;15617;15554;15616;15663;15743;15744;9137;9201;8791;8689;8647;8646;8645;8644;8643;8899;8897;8495;8384;8382;8325;8324;1155;1128;1049;1055;1209;1251;1304;1443;1380;1435;1792;1855;1793;1746;1666;1665;6224;6160;6570;6672;6714;6715;6716;6717;6718;6462;6464;6866;6977;6979;7036;7037;7038;7065;7144;7138;6984;6942;6889;6750;6813;6758;6401;6338;6400;6447;6527;6528;1969;2033;1623;1521;1479;1478;1477;1476;1475;1731;1729;1327;1216;1214;1157;1156;8323;8296;8217;8223;8377;8419;8472;8611;8548;8603;8960;9023;8961;8914;8834;8833;15440;15376;15786;15888;15930;15931;15932;15933;15934;15678;15680;16082;16193;16195;16252;16253
16255;16256;16257;16227;16107;16046;16045;15968;15967;15813;15586;15587;15701;15736;15745;15848;9138;9019;8790;8742;8699;8698;8807;8642;8740;8976;8975;8539;8447;8381;8415;8414;1154;1153;1152;1182;1302;1363;1364;1441;1442;1596;1823;1822;1708;1673;1664;1561;6223;6342;6571;6619;6662;6663;6554;6719;6621;6385;6386;6822;6914;6980;6946;6947;7039;7040;7041;7011;6891;6830;6829;6752;6751;6597;6370;6371;6485;6520;6529;6632;1970;1851;1622;1574;1531;1530;1639;1474;1572;1808;1807;1371;1279;1213;1247;1246;8322;8321;8320;8350;8470;8531;8532;8609;8610;8764;8991;8990;8876;8841;8832;8729;15439;15558;15787;15835;15878;15879;15770;15935;15837;15601;15602;16038;16130;16196;16162;16163
16115;16164;16165;16208;16209;16157;16108;16031;15760;15655;15621;15719;15808;15851;15850;15849;9139;9020;8809;8810;8741;8695;8808;8637;8953;9156;8840;8209;8538;8379;8416;8463;1294;1245;1244;1201;1200;1252;1301;1378;1649;1754;1788;1690;1601;1558;1559;1560;6222;6341;6552;6551;6620;6666;6553;6724;6408;6205;6521;7152;6823;6982;6945;6898;6899;6948;6949;6992;6993;6941;6892;6815;6544;6439;6405;6503;6592;6635;6634;6633;1971;1852;1641;1642;1573;1527;1640;1469;1785;1988;1672;1041;1370;1211;1248;1295;8462;8413;8412;8369;8368;8420;8469;8546;8817;8922;8956;8858;8769;8726;8727;8728;15438;15557;15768;15767;15836;15882;15769;15940;15624;15421;15737;16368;16039;16198;16161;16114
16071;16072;16111;16112;16166;16110;16109;15871;15812;15585;15715;15729;15852;15853;15854;15809;9140;9171;8760;8811;8812;8696;8613;8954;8974;8955;8395;8208;8394;8537;8417;8464;1338;1337;1298;1297;1243;1299;1300;1538;1597;1824;1694;1680;1557;1556;1555;1600;6221;6190;6601;6550;6549;6665;6748;6407;6387;6406;6966;7153;6967;6824;6944;6897;6855;6856;6895;6896;6950;6894;6893;6655;6596;6369;6499;6513;6636;6637;6638;6593;1972;2003;1592;1643;1644;1528;1445;1786;1806;1787;1227;1040;1226;1369;1249;1296;8506;8505;8466;8465;8411;8467;8468;8706;8765;8992;8862;8848;8725;8724;8723;8768;15437;15406;15817;15766;15765;15881;15964;15623;15603;15622;16182;16369;16183;16040;16160;16113
16042;16043;16019;16020;16044;16021;15870;15741;15912;15714;15716;15746;15747;15748;15811;15620;9141;9021;8816;8759;8813;8761;8522;8614;8896;8895;8396;8242;8199;8450;8503;8502;1367;1366;1390;1389;1365;1388;1539;1668;1497;1695;1693;1663;1662;1661;1598;1789;6220;6340;6545;6602;6548;6600;6839;6747;6465;6466;6965;7119;7162;6911;6858;6859;6826;6827;6803;6804;6828;6805;6654;6525;6696;6498;6500;6530;6531;6532;6595;6404;1973;1853;1648;1591;1645;1593;1354;1446;1728;1727;1228;1074;1031;1282;1335;1334;8535;8534;8558;8557;8533;8556;8707;8836;8665;8863;8861;8831;8830;8829;8766;8957;15436;15556;15761;15818;15764;15816;16055;15963;15681;15682;16181;16335;16378;16127;16074;16075
16016;16017;16018;15872;15868;15869;15740;15911;15913;15860;15717;15915;15749;15916;15917;15799;9207;9165;8856;8815;8814;8616;8521;8615;8835;8619;8618;8398;8198;8197;8504;8536;1393;1392;1391;1537;1541;1540;1669;1498;1496;1549;1692;1494;1660;1493;1492;1610;6154;6196;6505;6546;6547;6745;6840;6746;6526;6742;6743;6963;7163;7164;6857;6825;6800;6801;6802;6656;6652;6653;6524;6695;6697;6644;6501;6699;6533;6700;6701;6583;2039;1997;1688;1647;1646;1448;1353;1447;1667;1451;1450;1230;1030;1029;1336;1368;8561;8560;8559;8705;8709;8708;8837;8666;8664;8717;8860;8662;8828;8661;8660;8778;15370;15412;15721;15762;15763;15961;16056;15962;15742;15958;15959;16179;16379;16380;16073;16041
16015;15989;15988;16013;15867;15739;15910;15810;15914;15859;15861;15862;15863;15919;15918;16337;9208;9166;9022;8758;8428;8429;8430;8461;8460;8459;8617;8576;8233;8193;8200;8451;1394;1420;1421;1396;1542;1670;1499;1599;1495;1550;1548;1547;1546;1490;1491;1072;6153;6195;6339;6603;6933;6932;6931;6900;6901;6902;6744;6785;7128;7168;7161;6910;6799;6773;6772;6797;6651;6523;6694;6594;6698;6643;6645;6646;6647;6703;6702;7121;2040;1998;1854;1590;1260;1261;1262;1293;1292;1291;1449;1408;1065;1025;1032;1283;8562;8588;8589;8564;8710;8838;8667;8767;8663;8718;8716;8715;8714;8658;8659;8240;15369;15411;15555;15819;16149;16148;16147;16116;16117;16118;15960;16001;16344;16384;16377;16126
16125;15683;15865;15864;15821;15823;15909;15645;15619;15858;15936;15937;15758;15759;16134;16338;9142;8934;8426;8574;8427;8571;8520;8519;8441;8431;8518;8575;8400;8227;8194;8195;1284;1726;1544;1545;1588;1586;1500;1764;1790;1551;1473;1472;1651;1650;1275;1071;6219;6427;6935;6787;6934;6790;6841;6842;6920;6930;6843;6786;6961;7134;7167;7166;6909;6467;6649;6648;6605;6607;6693;6429;6403;6642;6720;6721;6542;6543;6918;7122;1974;1766;1258;1406;1259;1403;1352;1351;1273;1263;1350;1407;1232;1059;1026;1027;8452;8894;8712;8713;8756;8754;8668;8932;8958;8719;8641;8640;8819;8818;8443;8239;15435;15643;16151;16003;16150;16006;16057;16058;16136;16146;16059;16002;16177;16350;16383;16382
16374;16289;15866;15684;15906;15907;15908;15407;15524;15368;15687;15938;15939;15757;16178;16343;8919;8424;8425;8573;8792;8572;8449;8448;8410;8409;8517;8516;8307;8401;8230;8196;1035;1120;1543;1725;1503;1502;1501;2002;1885;2041;1722;1471;1470;1652;1231;1066;6442;6937;6936;6788;6569;6789;6912;6913;6951;6952;6844;6845;7054;6960;7131;7165;7158;7073;6650;6468;6690;6691;6692;6191;6308;6152;6471;6722;6723;6541;6962;7127;1751;1256;1257;1405;1624;1404;1281;1280;1242;1241;1349;1348;1139;1233;1062;1028;8203;8288;8711;8893;8671;8670;8669;9170;9053;9209;8890;8639;8638;8820;8399;8234;15658;16153;16152;16004;15785;16005;16128;16129;16167;16168;16060;16061;16270;16176;16347;16381
16376;16372;16288;16124;15905;15780;15779;15408;15657;15525;15526;15527;15750;16180;16339;16346;8489;8408;8514;8515;8406;8796;8795;8523;8458;8421;8500;8621;8620;8580;8402;8202;1033;1037;1121;1285;1504;1629;1630;2001;1752;1884;1883;1882;1659;1229;1070;1063;6872;6953;6847;6846;6955;6565;6566;6838;6903;6940;6861;6740;6741;6781;6959;7159;7160;7156;7072;6908;6689;6564;6563;6192;6441;6309;6310;6311;6534;6964;7123;7130;1321;1240;1346;1347;1238;1628;1627;1355;1290;1253;1332;1453;1452;1412;1234;1034;8201;8205;8289;8453;8672;8797;8798;9169;8920;9052;9051;9050;8827;8397;8238;8231;16088;16169;16063;16062;16171;15781;15782;16054;16119;16156;16077;15956;15957;15997;16175;16375
16373;16371;16287;16123;16122;15904;15685;15686;15857;15840;15410;15390;15855;15798;16345;16336;8488;8407;8432;8423;8405;8404;8794;8793;8457;8456;8422;8623;8583;8582;8581;8403;1036;1038;1122;1286;1287;1505;1724;1723;1552;1569;1999;2019;1554;1611;1064;1073;6873;6954;6929;6938;6956;6957;6567;6568;6904;6905;6939;6738;6778;6779;6780;6958;7157;7155;7071;6907;6906;6688;6469;6470;6641;6624;6194;6174;6639;6582;7129;7120;1320;1239;1264;1255;1237;1236;1626;1625;1289;1288;1254;1455;1415;1414;1413;1235;8204;8206;8290;8454;8455;8673;8892;8891;8720;8737;9167;9187;8722;8779;8232;8241;16089;16170;16145;16154;16172;16173;15783;15784;16120;16121;16155;15954;15994;15995;15996;16174
4331;4332;4319;4333;4334;4309;4099;4208;4207;4206;4205;4204;4122;4123;4124;4125;4080;4079;4072;4066;4052;4033;4084;3964;3963;3962;3905;3904;3886;3885;3863;3873;11030;11029;11042;11028;11027;11052;11262;11153;11154;11155;11156;11157;11239;11238;11237;11236;13329;13330;13337;13343;13357;13376;13325;13445;13446;13447;13504;13505;13523;13524;13546;13536;13547;13548;13535;13549;13550;13525;13315;13424;13423;13422;13421;13420;13338;13339;13340;13341;11248;11247;11240;11234;11220;11201;11252;11132;11131;11130;11073;11072;11054;11053;11031;11041;3862;3861;3874;3860;3859;3884;4094;3985;3986;3987;3988;3989;4071;4070;4069;4068;4113;4114;4121;4127;4141;4160;4109;4229;4230;4231;4288;4289;4307;4308;4330;4320
4632;4680;4681;4633;4459;4368;4098;4310;4311;4312;4313;4100;4101;4252;4253;4254;4077;4078;4073;4065;4053;4085;3983;3965;3961;3907;3906;3896;4031;3826;3563;3562;10729;10681;10680;10728;10902;10993;11263;11051;11050;11049;11048;11261;11260;11109;11108;11107;13332;13331;13336;13344;13356;13324;13426;13444;13448;13502;13503;13513;13378;13583;13846;13847;13848;13896;13897;13849;13675;13584;13314;13526;13527;13528;13529;13316;13317;13468;13469;13470;11245;11246;11241;11233;11221;11253;11151;11133;11129;11075;11074;11064;11199;10994;10731;10730;3561;3513;3512;3560;3734;3825;4095;3883;3882;3881;3880;4093;4092;3941;3940;3939;4116;4115;4120;4128;4140;4108;4210;4228;4232;4286;4287;4297;4162;4367;4630;4631
4949;4950;4975;4953;4874;4634;4460;4245;4246;4247;4248;4249;4259;4201;4202;4203;4076;4075;4074;4064;4054;4032;3982;3966;3960;3908;3984;3864;3564;3506;3505;3374;10412;10411;10386;10408;10487;10727;10901;11116;11115;11114;11113;11112;11102;11160;11159;11158;13333;13334;13335;13345;13355;13377;13427;13443;13449;13501;13425;13545;13845;13903;13904;14035;14165;14166;14191;14169;14090;13850;13676;13461;13462;13463;13464;13465;13475;13417;13418;13419;11244;11243;11242;11232;11222;11200;11150;11134;11128;11076;11152;11032;10732;10674;10673;10542;3244;3243;3218;3240;3319;3559;3733;3948;3947;3946;3945;3944;3934;3992;3991;3990;4117;4118;4119;4129;4139;4161;4211;4227;4233;4285;4209;4329;4629;4687;4688;4819
4965;4966;5008;5009;4976;4873;4635;4461;4369;4370;4371;4251;4154;4256;4255;4250;4060;4061;4062;4063;4083;4030;3981;3967;3909;3969;3839;3565;3464;3373;3372;3229;10396;10395;10353;10352;10385;10488;10726;10900;10992;10991;10990;11110;11207;11105;11106;11111;13349;13348;13347;13346;13326;13379;13428;13442;13500;13440;13570;13844;13945;14036;14037;14180;14181;14182;14224;14225;14192;14089;13851;13677;13585;13586;13587;13467;13370;13472;13471;13466;11228;11229;11230;11231;11251;11198;11149;11135;11077;11137;11007;10733;10632;10541;10540;10397;3228;3227;3185;3184;3217;3320;3558;3732;3824;3823;3822;3942;4039;3937;3938;3943;4133;4132;4131;4130;4110;4163;4212;4226;4284;4224;4354;4628;4729;4820;4821;4964
4968;4967;5012;5011;5010;4977;5007;4636;4462;4372;4373;4374;4155;4200;4199;4198;4059;4058;4057;4056;4055;4029;3980;3968;3910;3858;3566;3465;3371;3224;3223;3123;10393;10394;10349;10350;10351;10384;10354;10725;10899;10989;10988;10987;11206;11161;11162;11163;13350;13351;13352;13353;13354;13380;13429;13441;13499;13551;13843;13944;14038;14185;14186;14286;14184;14183;14228;14227;14226;14193;14223;13852;13678;13588;13589;13590;13371;13416;13415;13414;11227;11226;11225;11224;11223;11197;11148;11136;11078;11026;10734;10633;10539;10392;10391;10291;3225;3226;3181;3182;3183;3216;3186;3557;3731;3821;3820;3819;4038;3993;3994;3995;4134;4135;4136;4137;4138;4164;4213;4225;4283;4335;4627;4728;4822;4969;4970;5070
5069;5035;4999;5013;5085;5014;4973;4871;4637;4463;4400;4382;4159;4316;4315;4314;4028;4027;4026;4025;4024;4023;3936;3912;3911;3857;3567;3508;3370;3239;3222;3138;10292;10326;10362;10348;10276;10347;10388;10490;10724;10898;10961;10979;11202;11045;11046;11047;13381;13382;13383;13384;13385;13386;13473;13497;13498;13552;13842;13901;14039;14170;14187;14271;14285;14251;14215;14229;14301;14230;14189;14087;13853;13679;13616;13598;13375;13532;13531;13530;11196;11195;11194;11193;11192;11191;11104;11080;11079;11025;10735;10676;10538;10407;10390;10306;3124;3158;3194;3180;3108;3179;3220;3322;3556;3730;3793;3811;4034;3877;3878;3879;4165;4166;4167;4168;4169;4170;4257;4281;4282;4336;4626;4685;4823;4954;4971;5055
5100;5068;5036;4972;5031;5000;4974;4920;4788;4464;4403;4387;4383;4375;4318;4317;4004;4003;3996;3997;3971;3970;3914;3913;3887;3568;3511;3507;3255;3238;3115;3099;10261;10293;10325;10389;10330;10361;10387;10441;10573;10897;10958;10974;10978;10986;11043;11044;13405;13406;13413;13412;13438;13439;13495;13496;13522;13841;13898;13902;14154;14171;14294;14310;14316;14284;14252;14188;14247;14216;14190;14136;14004;13680;13619;13603;13599;13591;13534;13533;11172;11171;11164;11165;11139;11138;11082;11081;11055;10736;10679;10675;10423;10406;10283;10267;3093;3125;3157;3221;3162;3193;3219;3273;3405;3729;3790;3806;3810;3818;3875;3876;4189;4190;4197;4196;4222;4223;4279;4280;4306;4625;4682;4686;4938;4955;5078;5094
5101;5093;5067;5037;5032;5001;5002;4952;4789;4570;4402;4386;4385;4384;4376;4377;4005;4002;3974;3972;3959;3916;3915;4037;3888;3625;3624;3367;3254;3237;3117;3091;10260;10268;10294;10324;10329;10360;10359;10409;10572;10791;10959;10975;10976;10977;10985;10984;13404;13407;13435;13437;13450;13493;13494;13372;13521;13784;13785;14042;14155;14172;14292;14318;14317;14309;14283;14253;14248;14217;14218;14168;14005;13786;13618;13602;13601;13600;13592;13593;11173;11170;11142;11140;11127;11084;11083;11205;11056;10793;10792;10535;10422;10405;10285;10259;3092;3100;3126;3156;3161;3192;3191;3241;3404;3623;3791;3807;3808;3809;3817;3816;4188;4191;4219;4221;4234;4277;4278;4156;4305;4568;4569;4826;4939;4956;5076;5102
5092;5066;5065;5064;5033;5015;5003;4951;4869;4769;4401;4409;4408;4407;4405;4406;4006;4001;3998;3973;3958;3917;3890;3889;3626;3509;3510;3366;3253;3236;3135;3090;10269;10295;10296;10297;10328;10346;10358;10410;10492;10592;10960;10952;10953;10954;10956;10955;13403;13408;13411;13436;13451;13492;13519;13520;13783;13900;13899;14043;14156;14173;14274;14319;14308;14282;14281;14280;14249;14231;14219;14167;14085;13985;13617;13625;13624;13623;13621;13622;11174;11169;11166;11141;11126;11085;11058;11057;10794;10677;10678;10534;10421;10404;10303;10258;3101;3127;3128;3129;3160;3178;3190;3242;3324;3424;3792;3784;3785;3786;3788;3787;4187;4192;4195;4220;4235;4276;4303;4304;4567;4684;4683;4827;4940;4957;5058;5103
4876;4877;4959;5005;5034;5016;5004;4832;4868;4770;4388;4429;4430;4431;4432;4404;4007;4000;3999;3935;3919;3918;3891;3633;3627;3447;3582;3393;3318;3133;3134;3140;10485;10484;10402;10356;10327;10345;10357;10529;10493;10591;10973;10932;10931;10930;10929;10957;13402;13409;13410;13474;13490;13491;13518;13776;13782;13962;13827;14016;14091;14276;14275;14269;14092;14093;14175;14221;14250;14232;14220;14048;14084;13986;13604;13645;13646;13647;13648;13620;11175;11168;11167;11103;11087;11086;11059;10801;10795;10615;10750;10561;10486;10301;10302;10308;3317;3316;3234;3188;3159;3177;3189;3361;3325;3423;3805;3764;3763;3762;3761;3789;4186;4193;4194;4258;4274;4275;4302;4560;4566;4746;4611;4800;4875;5060;5059;5053
4363;4446;4721;4804;4978;4979;4766;4443;4444;4445;4389;4638;4541;4488;4433;4434;4008;3977;3975;3921;3920;3892;3979;3632;3628;3467;3725;3392;3272;3132;3139;3580;10998;10915;10640;10557;10383;10382;10595;10918;10917;10916;10972;10723;10820;10873;10928;10927;13401;13432;13434;13488;13489;13517;13430;13777;13781;13942;13684;14017;14137;14277;14270;13829;13579;13662;13937;14020;14194;14195;13982;13659;13660;13661;13605;13854;13757;13704;13649;13650;11176;11145;11143;11089;11088;11060;11147;10800;10796;10635;10893;10560;10440;10300;10307;10748;3830;3747;3472;3389;3215;3214;3427;3750;3749;3748;3804;3555;3652;3705;3760;3759;4185;4216;4218;4272;4273;4301;4214;4561;4565;4726;4468;4801;4921;5061;5054;4613
4720;4447;4449;5077;5057;4878;4326;4717;4718;4510;4365;4639;4542;4489;4574;4540;4009;3976;3957;3922;3893;3865;3667;3631;3449;3450;3724;3365;3271;3131;3408;3474;10641;10914;10912;10284;10304;10483;11035;10644;10643;10851;10996;10722;10819;10872;10787;10821;13400;13433;13452;13487;13516;13544;13742;13778;13960;13959;13685;14044;14138;14278;14001;13935;13936;13663;13665;14293;14273;14094;13542;13933;13934;13726;13581;13855;13758;13705;13790;13756;11177;11144;11125;11090;11061;11033;10835;10799;10617;10618;10892;10533;10439;10299;10576;10642;3473;3746;3744;3116;3136;3315;3867;3476;3475;3683;3828;3554;3651;3704;3619;3653;4184;4217;4236;4271;4300;4328;4526;4562;4744;4743;4469;4828;4922;5062;4785;4719
4215;4448;4722;5027;5091;4879;4325;4364;4466;4467;4327;4454;4487;4490;4575;4539;4010;3956;3924;3923;3894;3484;3666;3630;3448;3445;3686;3685;3270;3155;3407;3434;11146;10913;10639;10334;10270;10482;11036;10997;10895;10894;11034;10907;10874;10871;10786;10822;13399;13453;13485;13486;13515;13925;13743;13779;13961;13964;13723;13724;14139;14254;14002;13975;13431;13664;13938;14243;14307;14095;13541;13580;13682;13683;13543;13670;13703;13706;13791;13755;11178;11124;11092;11091;11062;10652;10834;10798;10616;10613;10854;10853;10438;10323;10575;10602;3978;3745;3471;3166;3102;3314;3868;3829;3727;3726;3866;3739;3706;3703;3618;3654;4183;4237;4269;4270;4299;4709;4527;4563;4745;4748;4507;4508;4923;5038;4786;4759
4880;4787;4803;5028;5098;5056;4344;4734;4735;4396;4397;4366;4543;4491;4533;4538;4011;3955;3925;3895;3735;3534;3665;3664;3629;3422;3723;3583;3245;3246;3247;3109;10481;10574;10558;10333;10263;10305;11017;10627;10626;10965;10964;10995;10818;10870;10828;10823;13398;13454;13484;13514;13674;13875;13744;13745;13780;13987;13686;13826;14164;14163;14162;14300;14096;14003;14019;14244;14314;14272;13560;13950;13951;13612;13613;13582;13759;13707;13749;13754;11179;11123;11093;11063;10903;10702;10833;10832;10797;10590;10891;10751;10413;10414;10415;10277;3313;3406;3390;3165;3095;3137;3849;3459;3458;3797;3796;3827;3650;3702;3660;3655;4182;4238;4268;4298;4458;4659;4528;4529;4564;4771;4470;4610;4948;4947;4946;5084
4982;4802;5026;5097;5089;5088;4612;4834;4736;4514;4513;4346;4456;4492;4577;4537;4096;3954;3926;3815;3533;3446;3535;3536;3466;3421;3722;3364;3196;3195;3164;3163;10379;10559;10335;10264;10272;10273;10749;10527;10625;10847;10848;11015;10905;10869;10784;10824;13313;13455;13483;13594;13876;13963;13874;13873;13943;13988;13687;14045;14213;14214;14245;14246;14198;14018;14242;14313;14305;14304;13828;14050;13952;13730;13729;13562;13672;13708;13793;13753;11264;11122;11094;10983;10701;10614;10703;10704;10634;10589;10890;10532;10364;10363;10332;10331;3211;3391;3167;3096;3104;3105;3581;3359;3457;3679;3680;3847;3737;3701;3616;3656;4097;4239;4267;4378;4660;4747;4658;4657;4727;4772;4471;4829;4997;4998;5029;5030
4981;5049;5050;5051;5052;5087;4768;4835;4760;4761;4512;4345;4347;4438;4439;4536;4012;3953;3927;3516;3532;3363;3362;3537;3684;3719;3502;3269;3235;3175;3094;3130;10380;10312;10311;10310;10309;10274;10593;10526;10601;10600;10849;11016;11014;10923;10922;10825;13397;13456;13482;13893;13877;14046;14047;13872;13725;13690;13907;14140;14174;14234;14315;14279;14197;14265;14266;14267;14268;14303;13984;14051;13976;13977;13728;13561;13563;13654;13655;13752;11180;11121;11095;10684;10700;10531;10530;10705;10852;10887;10670;10437;10403;10343;10262;10298;3212;3144;3143;3142;3141;3106;3425;3358;3433;3432;3681;3848;3846;3755;3754;3657;4181;4240;4266;4677;4661;4830;4831;4656;4509;4474;4691;4924;4958;5018;5099;5063
2123;2122;2385;2330;2189;2121;2455;2454;2333;2407;2658;3020;2821;2734;2729;2591;5204;5265;5289;5419;5643;5732;5774;5797;5703;5288;5839;5949;5967;6007;6043;6069;13238;13239;12976;13031;13172;13240;12906;12907;13028;12954;12703;12341;12540;12627;12632;12770;12205;12144;12120;11990;11766;11677;11635;11612;11706;12121;11570;11460;11442;11402;11366;11340;11339;11338;11601;11546;11405;11337;11671;11670;11549;11623;11874;12236;12037;11950;11945;11807;12372;12433;12457;12587;12811;12900;12942;12965;12871;12456;13007;13117;13135;13175;13211;13237;6070;6071;5808;5863;6004;6072;5738;5739;5860;5786;5535;5173;5372;5459;5464;5602;2989;2928;2904;2774;2550;2461;2419;2396;2490;2905;2354;2244;2226;2186;2150;2124
2125;2241;2386;2743;2757;2742;2827;2741;2332;2456;2745;3062;2820;2733;2728;2590;5203;5266;5267;5548;5549;5702;5857;5555;5364;5365;5437;5950;5961;6008;6044;5951;13236;13120;12975;12618;12604;12619;12534;12620;13029;12905;12616;12299;12541;12628;12633;12771;12206;12143;12142;11861;11860;11707;11552;11854;12045;12044;11972;11459;11448;11401;11365;11458;11341;11457;11602;11959;11973;11958;12043;11957;11548;11672;11961;12278;12036;11949;11944;11806;12371;12434;12435;12716;12717;12870;13025;12723;12532;12533;12605;13118;13129;13176;13212;13119;6068;5952;5807;5450;5436;5451;5366;5452;5861;5737;5448;5131;5373;5460;5465;5603;2990;2927;2926;2645;2644;2491;2336;2638;2829;2828;2756;2243;2232;2185;2149;2242
2126;2175;2063;2074;2209;2453;2826;2727;2331;2457;2744;3019;2819;2771;2588;2589;5202;5268;5320;5644;5645;5686;5687;5385;5169;5836;5747;5965;5966;6046;6045;6019;13235;13186;13298;13287;13152;12908;12535;12634;13030;12904;12617;12342;12542;12590;12773;12772;12207;12141;12089;11765;11764;11723;11722;12024;12240;11573;11662;11444;11443;11363;11364;11390;11342;11391;11279;11290;11425;11669;12042;11943;11547;11673;11960;12235;12035;11987;11804;11805;12370;12436;12488;12812;12813;12854;12855;12553;12337;13004;12915;13133;13134;13214;13213;13187;6067;6018;6130;6119;5984;5740;5367;5466;5862;5736;5449;5174;5374;5422;5605;5604;2991;2925;2873;2549;2548;2507;2506;2808;3024;2357;2446;2228;2227;2147;2148;2174
2128;2127;2274;2207;2208;2302;2327;2468;2406;2458;2637;3018;3017;2818;2758;2587;5126;5127;5319;5580;5713;5646;5688;5386;5182;5574;5838;5840;5954;6009;6010;6064;13233;13234;13087;13154;13153;13059;13034;12893;12955;12903;12724;12343;12344;12543;12603;12774;12283;12282;12090;11829;11696;11763;11721;12023;12227;11835;11571;11569;11455;11400;11399;11345;11344;11343;11490;11423;11424;11518;11543;11684;11622;11674;11853;12234;12233;12034;11974;11803;12294;12295;12487;12748;12881;12814;12856;12554;12350;12742;13006;13008;13122;13177;13178;13232;6065;6066;5919;5986;5985;5891;5866;5725;5787;5735;5556;5175;5176;5375;5435;5606;3067;3066;2874;2613;2480;2547;2505;2807;3011;2619;2355;2353;2239;2184;2183;2129
2173;2329;2363;2364;2411;2464;2463;2560;2462;2405;2577;3016;2845;2779;2759;2586;5201;5135;5404;5554;5582;5647;5689;5640;5575;5416;5439;5841;5957;5959;6011;6063;13188;13032;12998;12997;12950;12897;12898;12801;12899;12956;12784;12345;12516;12582;12602;12775;12208;12274;12005;11855;11827;11762;11720;11769;11834;11993;11970;11568;11452;11450;11398;11346;11389;11545;11579;11580;11627;11680;11679;11776;11678;11621;11793;12232;12061;11995;11975;11802;12369;12303;12572;12722;12750;12815;12857;12808;12743;12584;12607;13009;13125;13127;13179;13231;6020;5864;5830;5829;5782;5729;5730;5633;5731;5788;5616;5177;5348;5414;5434;5607;2992;3058;2789;2639;2611;2546;2504;2553;2618;2777;2754;2352;2236;2234;2182;2130
2179;2152;2073;2079;2233;2275;2328;2467;2404;2459;2816;2879;2817;2770;2690;2689;5200;5136;5546;5648;5690;5691;5692;5693;5694;5438;5440;5842;5953;5955;6012;6013;13182;13209;13288;13282;13128;13086;13033;12894;12957;12902;12545;12482;12544;12591;12671;12672;12209;12273;11863;11761;11719;11718;11717;11716;11715;11971;11969;11567;11456;11454;11397;11396;11395;11368;11289;11295;11449;11491;11544;11683;11620;11675;12032;12095;12033;11986;11906;11905;12368;12304;12714;12816;12858;12859;12860;12861;12862;12606;12608;13010;13121;13123;13180;13181;6014;6041;6120;6114;5960;5918;5865;5726;5789;5734;5377;5314;5376;5423;5503;5504;2993;3057;2647;2545;2503;2502;2501;2500;2499;2755;2753;2351;2240;2238;2181;2180
2178;2177;2176;2206;2326;2387;2388;2465;2466;2620;2847;2846;2732;2697;2688;2585;5199;5318;5547;5595;5638;5639;5530;5695;5597;5361;5362;5798;5890;5956;5922;5923;13183;13184;13185;13155;13035;12974;12973;12896;12895;12741;12514;12515;12629;12664;12673;12776;12210;12091;11862;11814;11771;11770;11879;11714;11812;12048;12047;11611;11519;11453;11487;11486;11394;11393;11392;11422;11542;11603;11604;11681;11682;11836;12063;12062;11948;11913;11904;11801;12367;12486;12715;12763;12806;12807;12698;12863;12765;12529;12530;12966;13058;13124;13090;13091;6015;6016;6017;5987;5867;5806;5805;5728;5727;5573;5346;5347;5461;5496;5505;5608;2994;2875;2646;2598;2555;2554;2663;2498;2596;2832;2831;2395;2303;2237;2271;2270
2318;2269;2268;2225;2224;2276;2325;2402;2673;2778;2812;2714;2625;2582;2583;2584;5198;5317;5528;5527;5596;5642;5529;5700;5384;5181;5497;6128;5799;5958;5921;5874;13043;13092;13093;13136;13137;13085;13036;12959;12688;12583;12549;12647;12736;12779;12778;12777;12211;12092;11881;11882;11813;11767;11880;11709;12025;12228;11912;11281;11610;11451;11488;11535;11534;11485;11484;11441;11440;11492;11541;11618;11889;11994;12028;11930;11841;11798;11799;11800;12366;12485;12696;12695;12764;12810;12697;12868;12552;12349;12665;13296;12967;13126;13089;13042;5875;5924;5925;5968;5969;5917;5868;5791;5520;5415;5381;5479;5568;5611;5610;5609;2995;2876;2665;2666;2597;2551;2664;2493;2809;3012;2696;2065;2394;2235;2272;2319
2362;2361;2322;2321;2267;2323;2324;2562;2621;2848;2718;2704;2581;2580;2579;2624;5197;5166;5577;5526;5525;5641;5724;5383;5363;5382;5942;6129;5943;5800;5920;5873;12999;13000;13039;13040;13094;13038;13037;12799;12740;12513;12643;12657;12780;12781;12782;12737;12212;12243;11832;11883;11884;11768;11685;12026;12046;12027;11467;11280;11466;11609;11489;11536;11578;11577;11538;11537;11483;11539;11540;11778;11837;12064;11934;11920;11797;11796;11795;11840;12365;12334;12745;12694;12693;12809;12892;12551;12531;12550;13110;13297;13111;12968;13088;13041;5831;5832;5871;5872;5926;5870;5869;5631;5572;5345;5475;5489;5612;5613;5614;5569;2996;3027;2616;2667;2668;2552;2469;2810;2830;2811;2251;2064;2250;2393;2273;2320
2391;2390;2414;2413;2389;2412;2563;2692;2521;2719;2717;2687;2686;2685;2622;2813;5196;5316;5521;5578;5524;5576;5815;5723;5441;5442;5941;6095;6138;5887;5834;5835;12970;12971;12947;12948;12972;12949;12798;12669;12840;12642;12644;12674;12675;12676;12739;12548;12213;12093;11888;11831;11885;11833;11594;11686;11968;11967;11468;11314;11271;11522;11575;11574;11607;11606;11630;11629;11605;11628;11779;11908;11737;11935;11933;11903;11902;11901;11838;12029;12364;12484;12689;12746;12692;12744;12983;12891;12609;12610;13109;13263;13306;13055;13002;13003;5802;5803;5779;5780;5804;5781;5630;5501;5672;5474;5476;5506;5507;5508;5571;5380;2997;2877;2672;2615;2669;2617;2378;2470;2752;2751;2252;2098;2055;2306;2359;2358
2417;2416;2415;2561;2565;2564;2693;2522;2520;2573;2716;2518;2684;2517;2516;2634;5130;5172;5481;5522;5523;5721;5816;5722;5502;5718;5719;5939;6139;6140;5833;5801;12944;12945;12946;12800;12796;12797;12668;12839;12841;12788;12645;12843;12677;12844;12845;12727;12279;12237;11928;11887;11886;11688;11593;11687;11907;11691;11690;11470;11270;11269;11576;11608;11633;11632;11631;11777;11781;11780;11909;11738;11736;11789;11932;11734;11900;11733;11732;11850;12298;12340;12649;12690;12691;12889;12984;12890;12670;12886;12887;13107;13307;13308;13001;12969;5776;5777;5778;5632;5628;5629;5500;5671;5673;5620;5477;5675;5509;5676;5677;5559;3063;3021;2712;2671;2670;2472;2377;2471;2691;2475;2474;2254;2054;2053;2360;2392
2418;2444;2445;2420;2566;2694;2523;2623;2519;2574;2572;2571;2570;2514;2515;2096;5129;5171;5315;5579;5909;5908;5907;5876;5877;5878;5720;5761;6104;6144;6137;5886;12943;12917;12916;12941;12795;12667;12838;12738;12842;12787;12789;12790;12791;12847;12846;13265;12280;12238;12094;11830;11500;11501;11502;11533;11532;11531;11689;11648;11305;11265;11272;11523;11634;11660;11661;11636;11782;11910;11739;11839;11735;11790;11788;11787;11786;11730;11731;11312;12297;12339;12483;12747;13077;13076;13075;13044;13045;13046;12888;12929;13272;13312;13305;13054;5775;5749;5748;5773;5627;5499;5670;5570;5674;5619;5621;5622;5623;5679;5678;6097;3064;3022;2878;2614;2284;2285;2286;2317;2316;2315;2473;2432;2089;2049;2056;2307
2308;2750;2568;2569;2612;2610;2524;2788;2814;2575;2497;2496;2675;2674;2299;2095;5195;5403;5911;5763;5910;5766;5817;5818;5896;5906;5819;5762;5937;6110;6143;6142;13053;12611;12793;12792;12749;12751;12837;12573;12547;12786;12864;12865;12686;12687;13062;13266;12214;12006;11498;11646;11499;11643;11592;11591;11513;11503;11590;11647;11472;11299;11266;11267;11524;11966;11784;11785;11828;11826;11740;12004;12030;11791;11713;11712;11891;11890;11515;11311;12363;12571;13079;12931;13078;12934;12985;12986;13064;13074;12987;12930;13105;13278;13311;13310;5885;5443;5625;5624;5581;5583;5669;5405;5379;5618;5696;5697;5518;5519;5894;6098;2998;2790;2282;2430;2283;2427;2376;2375;2297;2287;2374;2431;2256;2083;2050;2051
2059;2144;2567;2749;2527;2526;2525;3026;2909;3065;2746;2495;2494;2676;2255;2090;5418;5913;5912;5764;5545;5765;5888;5889;5927;5928;5820;5821;6030;5936;6107;6141;13302;13217;12794;12612;12834;12835;12836;12335;12452;12296;12615;12866;12867;12685;13106;13271;11991;11496;11497;11645;11864;11644;11521;11520;11482;11481;11589;11588;11379;11473;11302;11268;11275;11360;11783;11965;11743;11742;11741;12242;12125;12281;11962;11711;11710;11892;11471;11306;12586;13081;13080;12932;12713;12933;13056;13057;13095;13096;12988;12989;13198;13104;13275;13309;6134;6049;5626;5444;5666;5667;5668;5167;5284;5128;5447;5698;5699;5517;5938;6103;2775;2280;2281;2429;2648;2428;2305;2304;2266;2265;2373;2372;2163;2257;2086;2052
2057;2061;2145;2309;2528;2653;2654;3025;2776;2908;2907;2906;2683;2253;2094;2087;5848;5929;5823;5822;5931;5541;5542;5814;5879;5916;5837;5716;5717;5757;5935;6135;13304;13300;13216;13052;12833;12708;12707;12336;12585;12453;12454;12455;12678;13108;13267;13274;11561;11480;11586;11587;11478;11868;11867;11595;11530;11493;11572;11693;11692;11652;11474;11274;11273;11277;11361;11525;11744;11869;11870;12241;11992;12124;12123;12122;11899;11469;11310;11303;13016;13097;12991;12990;13099;12709;12710;12982;13047;13084;13005;12884;12885;12925;13103;13303;6136;6132;6048;5884;5665;5540;5539;5168;5417;5285;5286;5287;5510;5940;6099;6106;2345;2264;2370;2371;2262;2652;2651;2379;2314;2277;2356;2477;2476;2436;2258;2058
2060;2062;2146;2310;2311;2529;2748;2747;2576;2593;3023;3043;2578;2635;2088;2097;5849;5930;5905;5914;5932;5933;5543;5544;5880;5881;5915;5714;5754;5755;5756;5934;13301;13299;13215;13051;13050;12832;12613;12614;12785;12768;12338;12318;12783;12726;13273;13264;11560;11479;11504;11495;11477;11476;11866;11865;11529;11528;11494;11695;11655;11654;11653;11475;11276;11278;11362;11526;11527;11745;11964;11963;11792;11809;12239;12259;11794;11851;11304;11313;13017;13098;13073;13082;13100;13101;12711;12712;13048;13049;13083;12882;12922;12923;12924;13102;6133;6131;6047;5883;5882;5664;5445;5446;5617;5600;5170;5150;5615;5558;6105;6096;2344;2263;2288;2279;2261;2260;2650;2649;2313;2312;2278;2479;2439;2438;2437;2259
10006;10005;10018;10004;10003;10028;10238;10129;10130;10131;10132;10133;10215;10214;10213;10212;14353;14354;14361;14367;14381;14400;14349;14469;14470;14471;14528;14529;14547;14548;14570;14560;7403;7404;7391;7405;7406;7381;7171;7280;7279;7278;7277;7276;7194;7195;7196;7197;1008;1007;1000;994;980;961;1012;892;891;890;833;832;814;813;791;801;790;789;802;788;787;812;1022;913;914;915;916;917;999;998;997;996;7185;7186;7193;7199;7213;7232;7181;7301;7302;7303;7360;7361;7379;7380;7402;7392;14571;14572;14559;14573;14574;14549;14339;14448;14447;14446;14445;14444;14362;14363;14364;14365;10224;10223;10216;10210;10196;10177;10228;10108;10107;10106;10049;10048;10030;10029;10007;10017
9705;9657;9656;9704;9878;9969;10239;10027;10026;10025;10024;10237;10236;10085;10084;10083;14356;14355;14360;14368;14380;14348;14450;14468;14472;14526;14527;14537;14402;14607;14870;14871;7704;7752;7753;7705;7531;7440;7170;7382;7383;7384;7385;7172;7173;7324;7325;7326;1005;1006;1001;993;981;1013;911;893;889;835;834;824;959;754;491;490;489;441;440;488;662;753;1023;811;810;809;808;1021;1020;869;868;867;7188;7187;7192;7200;7212;7180;7282;7300;7304;7358;7359;7369;7234;7439;7702;7703;14872;14920;14921;14873;14699;14608;14338;14550;14551;14552;14553;14340;14341;14492;14493;14494;10221;10222;10217;10209;10197;10229;10127;10109;10105;10051;10050;10040;10175;9970;9707;9706
9388;9387;9362;9384;9463;9703;9877;10092;10091;10090;10089;10088;10078;10136;10135;10134;14357;14358;14359;14369;14379;14401;14451;14467;14473;14525;14449;14569;14869;14927;14928;15059;8021;8022;8047;8025;7946;7706;7532;7317;7318;7319;7320;7321;7331;7273;7274;7275;1004;1003;1002;992;982;960;910;894;888;836;912;792;492;434;433;302;172;171;146;168;247;487;661;876;875;874;873;872;862;920;919;918;7189;7190;7191;7201;7211;7233;7283;7299;7305;7357;7281;7401;7701;7759;7760;7891;15189;15190;15215;15193;15114;14874;14700;14485;14486;14487;14488;14489;14499;14441;14442;14443;10220;10219;10218;10208;10198;10176;10126;10110;10104;10052;10128;10008;9708;9650;9649;9518
9372;9371;9329;9328;9361;9464;9702;9876;9968;9967;9966;10086;10183;10081;10082;10087;14373;14372;14371;14370;14350;14403;14452;14466;14524;14464;14594;14868;14969;15060;15061;15204;8037;8038;8080;8081;8048;7945;7707;7533;7441;7442;7443;7323;7226;7328;7327;7322;988;989;990;991;1011;958;909;895;837;897;767;493;392;301;300;157;156;155;113;112;145;248;486;660;752;751;750;870;967;865;866;871;7205;7204;7203;7202;7182;7235;7284;7298;7356;7296;7426;7700;7801;7892;7893;8036;15205;15206;15248;15249;15216;15113;14875;14701;14609;14610;14611;14491;14394;14496;14495;14490;10204;10205;10206;10207;10227;10174;10125;10111;10053;10113;9983;9709;9608;9517;9516;9373
9369;9370;9325;9326;9327;9360;9330;9701;9875;9965;9964;9963;10182;10137;10138;10139;14374;14375;14376;14377;14378;14404;14453;14465;14523;14575;14867;14968;15062;15209;15210;15310;8040;8039;8084;8083;8082;8049;8079;7708;7534;7444;7445;7446;7227;7272;7271;7270;987;986;985;984;983;957;908;896;838;786;494;393;299;152;151;51;153;154;109;110;111;144;114;485;659;749;748;747;966;921;922;923;7206;7207;7208;7209;7210;7236;7285;7297;7355;7407;7699;7800;7894;8041;8042;8142;15208;15207;15252;15251;15250;15217;15247;14876;14702;14612;14613;14614;14395;14440;14439;14438;10203;10202;10201;10200;10199;10173;10124;10112;10054;10002;9710;9609;9515;9368;9367;9267
9268;9302;9338;9324;9252;9323;9364;9466;9700;9874;9937;9955;10178;10021;10022;10023;14405;14406;14407;14408;14409;14410;14497;14521;14522;14576;14866;14925;15063;15194;15211;15295;8141;8107;8071;8085;8157;8086;8045;7943;7709;7535;7472;7454;7231;7388;7387;7386;956;955;954;953;952;951;864;840;839;785;495;436;298;167;150;66;52;86;122;108;36;107;148;250;484;658;721;739;962;805;806;807;7237;7238;7239;7240;7241;7242;7329;7353;7354;7408;7698;7757;7895;8026;8043;8127;15309;15275;15239;15253;15325;15254;15213;15111;14877;14703;14640;14622;14399;14556;14555;14554;10172;10171;10170;10169;10168;10167;10080;10056;10055;10001;9711;9652;9514;9383;9366;9282
9237;9269;9301;9365;9306;9337;9363;9417;9549;9873;9934;9950;9954;9962;10019;10020;14429;14430;14437;14436;14462;14463;14519;14520;14546;14865;14922;14926;15178;15195;15318;15334;8172;8140;8108;8044;8103;8072;8046;7992;7860;7536;7475;7459;7455;7447;7390;7389;932;931;924;925;899;898;842;841;815;496;439;435;183;166;43;27;21;53;85;149;90;121;147;201;333;657;718;734;738;746;803;804;7261;7262;7269;7268;7294;7295;7351;7352;7378;7697;7754;7758;8010;8027;8150;8166;15340;15308;15276;15212;15271;15240;15214;15160;15028;14704;14643;14627;14623;14615;14558;14557;10148;10147;10140;10141;10115;10114;10058;10057;10031;9712;9655;9651;9399;9382;9259;9243
9236;9244;9270;9300;9305;9336;9335;9385;9548;9767;9935;9951;9952;9953;9961;9960;14428;14431;14459;14461;14474;14517;14518;14396;14545;14808;14809;15066;15179;15196;15316;15342;8173;8165;8139;8109;8104;8073;8074;8024;7861;7642;7474;7458;7457;7456;7448;7449;933;930;902;900;887;844;843;965;816;553;552;295;182;165;45;19;20;28;54;84;89;120;119;169;332;551;719;735;736;737;745;744;7260;7263;7291;7293;7306;7349;7350;7228;7377;7640;7641;7898;8011;8028;8148;8174;15341;15333;15307;15277;15272;15241;15242;15192;15029;14810;14642;14626;14625;14624;14616;14617;10149;10146;10118;10116;10103;10060;10059;10181;10032;9769;9768;9511;9398;9381;9261;9235
9245;9271;9272;9273;9304;9322;9334;9386;9468;9568;9936;9928;9929;9930;9932;9931;14427;14432;14435;14460;14475;14516;14543;14544;14807;14924;14923;15067;15180;15197;15298;15343;8164;8138;8137;8136;8105;8087;8075;8023;7941;7841;7473;7481;7480;7479;7477;7478;934;929;926;901;886;845;818;817;554;437;438;294;181;164;63;18;29;55;56;57;88;106;118;170;252;352;720;712;713;714;716;715;7259;7264;7267;7292;7307;7348;7375;7376;7639;7756;7755;7899;8012;8029;8130;8175;15332;15306;15305;15304;15273;15255;15243;15191;15109;15009;14641;14649;14648;14647;14645;14646;10150;10145;10142;10117;10102;10061;10034;10033;9770;9653;9654;9510;9397;9380;9279;9234
9461;9460;9378;9332;9303;9321;9333;9505;9469;9567;9949;9908;9907;9906;9905;9933;14426;14433;14434;14498;14514;14515;14542;14800;14806;14986;14851;15040;15115;15300;15299;15293;7948;7949;8031;8077;8106;8088;8076;7904;7940;7842;7460;7501;7502;7503;7504;7476;935;928;927;863;847;846;819;561;555;375;510;321;246;61;62;68;245;244;162;116;87;105;117;289;253;351;733;692;691;690;689;717;7258;7265;7266;7330;7346;7347;7374;7632;7638;7818;7683;7872;7947;8132;8131;8125;15116;15117;15199;15245;15274;15256;15244;15072;15108;15010;14628;14669;14670;14671;14672;14644;10151;10144;10143;10079;10063;10062;10035;9777;9771;9591;9726;9537;9462;9277;9278;9284
9974;9891;9616;9533;9359;9358;9571;9894;9893;9892;9948;9699;9796;9849;9904;9903;14425;14456;14458;14512;14513;14541;14454;14801;14805;14966;14708;15041;15161;15301;15294;14853;7435;7518;7793;7876;8050;8051;7838;7515;7516;7517;7461;7710;7613;7560;7505;7506;936;905;903;849;848;820;907;560;556;395;653;320;200;60;67;508;758;675;400;317;143;142;355;678;677;676;732;483;580;633;688;687;7257;7288;7290;7344;7345;7373;7286;7633;7637;7798;7540;7873;7993;8133;8126;7685;14603;14686;14961;15044;15218;15219;15006;14683;14684;14685;14629;14878;14781;14728;14673;14674;10152;10121;10119;10065;10064;10036;10123;9776;9772;9611;9869;9536;9416;9276;9283;9724
9617;9890;9888;9260;9280;9459;10011;9620;9619;9827;9972;9698;9795;9848;9763;9797;14424;14457;14476;14511;14540;14568;14766;14802;14984;14983;14709;15068;15162;15302;15025;14959;7792;7519;7521;8149;8129;7950;7398;7789;7790;7582;7437;7711;7614;7561;7646;7612;937;904;885;850;821;793;595;559;377;378;652;293;199;59;336;402;401;674;672;44;64;243;795;404;403;611;756;482;579;632;547;581;7256;7289;7308;7343;7372;7400;7598;7634;7816;7815;7541;7900;7994;8134;7857;7791;14960;14687;14689;15317;15297;15118;14566;14957;14958;14750;14605;14879;14782;14729;14814;14780;10153;10120;10101;10066;10037;10009;9811;9775;9593;9594;9868;9509;9415;9275;9552;9618
10122;9889;9615;9310;9246;9458;10012;9973;9871;9870;10010;9883;9850;9847;9762;9798;14423;14477;14509;14510;14539;14949;14767;14803;14985;14988;14747;14748;15163;15278;15026;14999;7287;7520;7794;8099;8163;7951;7397;7436;7538;7539;7399;7526;7559;7562;7647;7611;938;884;852;851;822;412;594;558;376;373;614;613;198;83;335;362;906;673;399;94;30;242;796;757;655;654;794;667;634;631;546;582;7255;7309;7341;7342;7371;7781;7599;7635;7817;7820;7579;7580;7995;8110;7858;7831;14455;14688;14962;15267;15331;15119;14565;14604;14706;14707;14567;14694;14727;14730;14815;14779;10154;10100;10068;10067;10038;9628;9810;9774;9592;9589;9830;9829;9414;9299;9551;9578
9457;9550;9534;9309;9239;9281;9993;9603;9602;9941;9940;9971;9794;9846;9804;9799;14422;14478;14508;14538;14698;14899;14768;14769;14804;15011;14710;14850;15188;15187;15186;15324;7952;7859;7875;8100;8170;8128;7416;7806;7807;7468;7469;7438;7615;7563;7605;7610;939;883;853;823;663;462;593;592;557;350;651;511;173;174;175;37;241;334;318;93;23;65;777;387;386;725;724;755;578;630;588;583;7254;7310;7340;7370;7530;7731;7600;7601;7636;7843;7542;7682;8020;8019;8018;8156;15120;15027;15043;15268;15338;15296;14584;14974;14975;14636;14637;14606;14783;14731;14773;14778;10155;10099;10069;10039;9879;9678;9809;9808;9773;9566;9867;9727;9389;9390;9391;9253
9355;9535;9311;9240;9248;9249;9725;9503;9601;9823;9824;9991;9881;9845;9760;9800;14337;14479;14507;14618;14900;14987;14898;14897;14967;15012;14711;15069;15237;15238;15269;15270;8054;7874;8098;8169;8161;8160;7684;7906;7808;7586;7585;7418;7528;7564;7649;7609;1024;882;854;743;461;374;463;464;394;349;650;292;124;123;92;91;139;319;95;24;32;33;509;287;385;607;608;775;665;629;544;584;7169;7311;7339;7450;7732;7819;7730;7729;7799;7844;7543;7901;8069;8070;8101;8102;15222;15042;15266;15337;15329;15328;14852;15074;14976;14754;14753;14586;14696;14732;14817;14777;10240;10098;10070;9959;9677;9590;9679;9680;9610;9565;9866;9508;9340;9339;9308;9307
9356;9288;9287;9286;9285;9250;9569;9502;9577;9576;9825;9992;9990;9899;9898;9801;14421;14480;14506;14917;14901;15070;15071;14896;14749;14714;14931;15164;15198;15258;15339;15303;8053;8121;8122;8123;8124;8159;7840;7907;7832;7833;7584;7417;7419;7510;7511;7608;940;881;855;444;460;291;290;465;612;647;430;197;163;103;22;58;140;72;71;70;69;34;353;286;361;360;609;776;774;683;682;585;7253;7312;7338;7749;7733;7902;7903;7728;7581;7546;7763;7996;8030;8090;8171;8135;15221;15289;15290;15291;15292;15327;15008;15075;15000;15001;14752;14585;14587;14678;14679;14776;10156;10097;10071;9660;9676;9507;9506;9681;9828;9863;9646;9413;9379;9319;9238;9274
9291;9290;9553;9498;9357;9289;9623;9622;9501;9575;9826;10188;9989;9902;9897;9759;14420;14481;14505;14635;14859;14948;14990;15013;14919;14504;15055;15165;15183;15223;15259;15285;8118;8119;7856;7911;8052;8120;7786;7787;7908;7834;7583;7221;7420;7507;7512;7650;941;880;856;726;502;413;371;348;442;857;306;196;178;138;102;76;75;74;337;282;141;73;407;406;285;359;610;972;773;686;681;543;7252;7313;7337;7467;7691;7780;7822;7845;7751;7336;7887;7997;8015;8055;8091;8117;15286;15287;15024;15079;15220;15288;14954;14955;15076;15002;14751;14389;14588;14675;14680;14818;10157;10096;10072;9942;9718;9629;9587;9564;9658;10073;9522;9412;9394;9354;9318;9292
9293;9409;9554;9911;9925;9910;9995;9909;9500;9624;9913;10230;9988;9901;9896;9758;14419;14482;14483;14764;14765;14918;15073;14771;14580;14581;14653;15166;15177;15224;15260;15167;8116;8000;7855;7498;7484;7499;7414;7500;7909;7785;7496;7179;7421;7508;7513;7651;942;879;878;597;596;443;288;590;781;780;708;195;184;137;101;194;77;193;338;695;709;694;779;693;284;408;697;1014;772;685;680;542;7251;7314;7315;7596;7597;7750;7905;7603;7412;7413;7485;7998;8009;8056;8092;7999;15284;15168;15023;14666;14652;14667;14582;14668;15077;14953;14664;14347;14589;14676;14681;14819;10158;10095;10094;9813;9812;9659;9504;9806;9997;9996;9924;9411;9400;9353;9317;9410
9294;9343;9231;9242;9377;9621;9994;9895;9499;9625;9912;10187;9987;9939;9756;9757;14418;14484;14536;14860;14861;14902;14903;14601;14385;15052;14963;15181;15182;15262;15261;15235;8115;8066;8178;8167;8032;7788;7415;7514;7910;7784;7497;7222;7422;7470;7653;7652;943;877;825;501;500;459;458;760;976;309;398;180;179;99;100;126;78;127;15;26;161;405;778;679;283;409;696;971;771;723;540;541;7250;7316;7368;7692;7693;7734;7735;7433;7217;7884;7795;8013;8014;8094;8093;8067;15283;15234;15346;15335;15200;14956;14583;14682;15078;14952;14665;14390;14590;14638;14821;14820;10159;10093;10041;9717;9716;9675;9674;9976;10192;9525;9614;9396;9395;9315;9316;9342
9296;9295;9442;9375;9376;9470;9495;9636;9574;9626;9805;10186;10185;9986;9926;9755;14342;14343;14535;14796;14929;14862;14904;14602;14398;14790;15054;15056;15170;15225;15226;15280;8113;8114;7967;8034;8033;7939;7914;7773;7835;7783;7604;7223;7224;7423;7483;7654;1019;1018;826;565;432;499;457;759;963;571;307;305;191;136;135;81;80;79;226;159;160;254;279;420;358;410;589;970;969;770;710;539;7174;7175;7367;7628;7761;7694;7736;7434;7230;7622;7886;7888;8002;8057;8058;8112;15281;15282;15135;15202;15201;15107;15082;14941;15003;14951;14772;14391;14392;14591;14651;14822;10235;10234;10042;9781;9648;9715;9673;9975;10179;9787;9523;9521;9407;9352;9351;9297
9341;9497;9531;9532;9579;9632;9631;9728;9630;9573;9745;10184;10013;9947;9927;9754;14417;14351;14620;14770;14798;14863;14905;14856;14791;14632;14655;15057;15173;15175;15227;15279;8068;7912;7878;7877;7830;7777;7778;7681;7779;7836;7664;7225;7396;7462;7482;7655;944;1010;741;591;563;498;456;505;570;729;706;304;188;186;134;82;125;281;315;316;363;416;415;512;414;357;529;968;797;731;711;538;7249;7183;7452;7602;7630;7695;7737;7688;7623;7464;7487;7889;8005;8007;8059;8111;15236;15080;15046;15045;14998;14945;14946;14849;14947;15004;14832;14393;14564;14630;14650;14823;10160;10226;9957;9807;9779;9714;9672;9721;9786;9945;9922;9520;9404;9402;9350;9298
9347;9320;9241;9247;9401;9443;9496;9635;9572;9627;9984;10047;9985;9938;9858;9857;14416;14352;14762;14864;14906;14907;14908;14909;14910;14654;14656;15058;15169;15171;15228;15229;8062;8089;8168;8162;8008;7966;7913;7774;7837;7782;7425;7362;7424;7471;7551;7552;945;1009;599;497;455;454;453;452;451;707;705;303;192;190;133;132;131;104;25;31;185;227;280;419;356;411;768;831;769;722;642;641;7248;7184;7594;7696;7738;7739;7740;7741;7742;7486;7488;7890;8001;8003;8060;8061;15230;15257;15336;15330;15176;15134;15081;14942;15005;14950;14593;14530;14592;14639;14719;14720;10161;10225;9815;9713;9671;9670;9669;9668;9667;9923;9921;9519;9408;9406;9349;9348
9346;9345;9344;9374;9494;9555;9556;9633;9634;9788;10015;10014;9900;9865;9856;9753;14415;14534;14763;14811;14854;14855;14746;14911;14813;14577;14578;15014;15106;15172;15138;15139;8063;8064;8065;8035;7915;7854;7853;7776;7775;7621;7394;7395;7509;7544;7553;7656;946;827;598;550;507;506;615;450;548;784;783;347;255;189;223;222;130;129;128;158;278;339;340;417;418;572;799;798;684;649;640;537;7247;7366;7595;7643;7686;7687;7578;7743;7645;7409;7410;7846;7938;8004;7970;7971;15231;15232;15233;15203;15083;15022;15021;14944;14943;14789;14562;14563;14677;14712;14721;14824;10162;10043;9814;9766;9723;9722;9831;9666;9764;10000;9999;9563;9471;9405;9439;9438
9486;9437;9436;9393;9392;9444;9493;9570;9841;9946;9980;9882;9793;9750;9751;9752;14414;14533;14744;14743;14812;14858;14745;14916;14600;14397;14713;15344;15015;15174;15137;15090;7923;7972;7973;8016;8017;7965;7916;7839;7568;7463;7429;7527;7616;7659;7658;7657;947;828;617;618;549;503;616;445;761;964;648;17;346;187;224;271;270;221;220;177;176;228;277;354;625;730;764;666;577;534;535;536;7246;7365;7576;7575;7644;7690;7577;7748;7432;7229;7545;8176;7847;8006;7969;7922;15091;15140;15141;15184;15185;15133;15084;15007;14736;14631;14597;14695;14784;14827;14826;14825;10163;10044;9833;9834;9765;9719;9832;9661;9977;10180;9864;9233;9562;9403;9440;9487
9530;9529;9490;9489;9435;9491;9492;9730;9789;10016;9886;9872;9749;9748;9747;9792;14413;14382;14793;14742;14741;14857;14940;14599;14579;14598;15158;15345;15159;15016;15136;15089;7879;7880;7919;7920;7974;7918;7917;7679;7620;7393;7523;7537;7660;7661;7662;7617;948;979;568;619;620;504;421;762;782;763;203;16;202;345;225;272;314;313;274;273;219;275;276;514;573;800;670;656;533;532;531;576;7245;7214;7625;7574;7573;7689;7772;7431;7411;7430;7990;8177;7991;7848;7968;7921;15047;15048;15087;15088;15142;15086;15085;14847;14788;14561;14691;14705;14828;14829;14830;14785;10164;10195;9784;9835;9836;9720;9637;9978;9998;9979;9419;9232;9418;9561;9441;9488
9559;9558;9582;9581;9557;9580;9731;9860;9689;9887;9885;9855;9854;9853;9790;9981;14412;14532;14737;14794;14740;14792;15031;14939;14657;14658;15157;15311;15354;15103;15050;15051;7850;7851;7827;7828;7852;7829;7678;7549;7720;7522;7524;7554;7555;7556;7619;7428;949;829;624;567;621;569;330;422;704;703;204;50;7;258;311;310;343;342;366;365;341;364;515;644;473;671;669;639;638;637;574;765;7244;7364;7569;7626;7572;7624;7863;7771;7489;7490;7989;8143;8186;7935;7882;7883;15018;15019;14995;14996;15020;14997;14846;14717;14888;14690;14692;14722;14723;14724;14787;14596;10165;10045;9840;9783;9837;9785;9546;9638;9920;9919;9420;9266;9223;9474;9527;9526
9585;9584;9583;9729;9733;9732;9861;9690;9688;9741;9884;9686;9852;9685;9684;9802;14346;14388;14697;14738;14739;14937;15032;14938;14718;14934;14935;15155;15355;15356;15049;15017;7824;7825;7826;7680;7676;7677;7548;7719;7721;7668;7525;7723;7557;7724;7725;7607;1015;973;664;623;622;424;329;423;643;427;426;206;6;5;312;344;369;368;367;513;517;516;645;474;472;525;668;470;636;469;468;586;7178;7220;7529;7570;7571;7769;7864;7770;7550;7766;7767;7987;8187;8188;7881;7849;14992;14993;14994;14848;14844;14845;14716;14887;14889;14836;14693;14891;14725;14892;14893;14775;10231;10189;9880;9839;9838;9640;9545;9639;9859;9643;9642;9422;9222;9221;9528;9560
9586;9612;9613;9588;9734;9862;9691;9791;9687;9742;9740;9739;9738;9682;9683;9264;14345;14387;14531;14795;15125;15124;15123;15092;15093;15094;14936;14977;15320;15360;15353;15102;7823;7797;7796;7821;7675;7547;7718;7618;7722;7667;7669;7670;7671;7727;7726;8145;1016;974;830;566;236;237;238;269;268;267;425;384;41;1;8;259;370;396;397;372;518;646;475;575;471;526;524;523;522;466;467;48;7177;7219;7363;7627;7957;7956;7955;7924;7925;7926;7768;7809;8152;8192;8185;7934;14991;14965;14964;14989;14843;14715;14886;14786;14890;14835;14837;14838;14839;14895;14894;15313;10232;10190;10046;9782;9452;9453;9454;9485;9484;9483;9641;9600;9257;9217;9224;9475
9476;9918;9736;9737;9780;9778;9692;9956;9982;9743;9665;9664;9843;9842;9467;9263;14411;14619;15127;14979;15126;14982;15033;15034;15112;15122;15035;14978;15153;15326;15359;15358;7933;7491;7673;7672;7629;7631;7717;7453;7427;7666;7744;7745;7566;7567;7942;8146;950;742;234;382;235;379;328;327;249;239;326;383;208;35;2;3;260;702;520;521;564;562;476;740;766;527;449;448;627;626;251;47;7243;7451;7959;7811;7958;7814;7865;7866;7944;7954;7867;7810;7985;8158;8191;8190;15101;14659;14841;14840;14797;14799;14885;14621;14595;14834;14912;14913;14734;14735;15110;15314;10166;9958;9450;9598;9451;9595;9544;9543;9465;9455;9542;9599;9424;9251;9218;9219
9227;9312;9735;9917;9695;9694;9693;10194;10077;10233;9914;9663;9662;9844;9423;9258;14634;15129;15128;14980;14761;14981;15104;15105;15143;15144;15036;15037;15246;15152;15323;15357;8182;8097;7674;7492;7714;7715;7716;7215;7332;7176;7495;7746;7747;7565;7986;8151;727;232;233;381;600;380;257;256;218;217;325;324;115;209;38;4;11;96;519;701;479;478;477;978;861;1017;698;447;446;628;207;42;7466;7961;7960;7812;7593;7813;7936;7937;7975;7976;7868;7869;8078;7984;8155;8189;15350;15265;14842;14660;14882;14883;14884;14383;14500;14344;14663;14914;14915;14733;15154;15319;9943;9448;9449;9597;9816;9596;9473;9472;9434;9433;9541;9540;9331;9425;9254;9220
9225;9229;9313;9477;9696;9821;9822;10193;9944;10076;10075;10074;9851;9421;9262;9255;15064;15145;15039;15038;15147;14757;14758;15030;15095;15132;15053;14932;14933;14973;15151;15351;8184;8180;8096;7932;7713;7588;7587;7216;7465;7333;7334;7335;7558;7988;8147;8154;297;216;322;323;214;604;603;331;266;229;308;429;428;388;210;10;9;13;97;261;480;605;606;977;728;860;859;858;635;205;46;39;7896;7977;7871;7870;7979;7589;7590;7862;7927;7964;7885;7764;7765;7805;7983;8183;15352;15348;15264;15100;14881;14756;14755;14384;14633;14501;14502;14503;14726;15156;15315;15322;9513;9432;9538;9539;9430;9820;9819;9547;9482;9445;9524;9645;9644;9604;9426;9226
9228;9230;9314;9478;9479;9697;9916;9915;9744;9761;10191;10211;9746;9803;9256;9265;15065;15146;15121;15130;15148;15149;14759;14760;15096;15097;15131;14930;14970;14971;14972;15150;8181;8179;8095;7931;7930;7712;7493;7494;7665;7648;7218;7198;7663;7606;8153;8144;296;215;240;231;213;212;602;601;265;264;230;431;391;390;389;211;12;14;98;262;263;481;700;699;528;545;975;995;530;587;40;49;7897;7978;7953;7962;7980;7981;7591;7592;7928;7929;7963;7762;7802;7803;7804;7982;15349;15347;15263;15099;15098;14880;14661;14662;14833;14816;14386;14366;14831;14774;15321;15312;9512;9431;9456;9447;9429;9428;9818;9817;9481;9480;9446;9647;9607;9606;9605;9427
2838;2837;2850;2836;2835;2860;3070;2961;2962;2963;2964;2965;3047;3046;3045;3044;5137;5138;5145;5151;5165;5184;5133;5253;5254;5255;5312;5313;5331;5332;5354;5344;12523;12524;12511;12525;12526;12501;12291;12400;12399;12398;12397;12396;12314;12315;12316;12317;12272;12271;12264;12258;12244;12225;12276;12156;12155;12154;12097;12096;12078;12077;12055;12065;12054;12053;12066;12052;12051;12076;12286;12177;12178;12179;12180;12181;12263;12262;12261;12260;12305;12306;12313;12319;12333;12352;12301;12421;12422;12423;12480;12481;12499;12500;12522;12512;5355;5356;5343;5357;5358;5333;5123;5232;5231;5230;5229;5228;5146;5147;5148;5149;3056;3055;3048;3042;3028;3009;3060;2940;2939;2938;2881;2880;2862;2861;2839;2849
2537;2489;2488;2536;2710;2801;3071;2859;2858;2857;2856;3069;3068;2917;2916;2915;5140;5139;5144;5152;5164;5132;5234;5252;5256;5310;5311;5321;5186;5391;5654;5655;12824;12872;12873;12825;12651;12560;12290;12502;12503;12504;12505;12292;12293;12444;12445;12446;12269;12270;12265;12257;12245;12277;12175;12157;12153;12099;12098;12088;12223;12018;11755;11754;11753;11705;11704;11752;11926;12017;12287;12075;12074;12073;12072;12285;12284;12133;12132;12131;12308;12307;12312;12320;12332;12300;12402;12420;12424;12478;12479;12489;12354;12559;12822;12823;5656;5704;5705;5657;5483;5392;5122;5334;5335;5336;5337;5124;5125;5276;5277;5278;3053;3054;3049;3041;3029;3061;2959;2941;2937;2883;2882;2872;3007;2802;2539;2538
2220;2219;2194;2216;2295;2535;2709;2924;2923;2922;2921;2920;2910;2968;2967;2966;5141;5142;5143;5153;5163;5185;5235;5251;5257;5309;5233;5353;5653;5711;5712;5843;13141;13142;13167;13145;13066;12826;12652;12437;12438;12439;12440;12441;12451;12393;12394;12395;12268;12267;12266;12256;12246;12224;12174;12158;12152;12100;12176;12056;11756;11698;11697;11566;11436;11435;11410;11432;11511;11751;11925;12140;12139;12138;12137;12136;12126;12184;12183;12182;12309;12310;12311;12321;12331;12353;12403;12419;12425;12477;12401;12521;12821;12879;12880;13011;5973;5974;5999;5977;5898;5658;5484;5269;5270;5271;5272;5273;5283;5225;5226;5227;3052;3051;3050;3040;3030;3008;2958;2942;2936;2884;2960;2840;2540;2482;2481;2350
2204;2203;2161;2160;2193;2296;2534;2708;2800;2799;2798;2918;3015;2913;2914;2919;5157;5156;5155;5154;5134;5187;5236;5250;5308;5248;5378;5652;5753;5844;5845;5988;13157;13158;13200;13201;13168;13065;12827;12653;12561;12562;12563;12443;12346;12448;12447;12442;12252;12253;12254;12255;12275;12222;12173;12159;12101;12161;12031;11757;11656;11565;11564;11421;11420;11419;11377;11376;11409;11512;11750;11924;12016;12015;12014;12134;12231;12129;12130;12135;12325;12324;12323;12322;12302;12355;12404;12418;12476;12416;12546;12820;12921;13012;13013;13156;5989;5990;6032;6033;6000;5897;5659;5485;5393;5394;5395;5275;5178;5280;5279;5274;3036;3037;3038;3039;3059;3006;2957;2943;2885;2945;2815;2541;2440;2349;2348;2205
2201;2202;2157;2158;2159;2192;2162;2533;2707;2797;2796;2795;3014;2969;2970;2971;5158;5159;5160;5161;5162;5188;5237;5249;5307;5359;5651;5752;5846;5993;5994;6094;13160;13159;13204;13203;13202;13169;13199;12828;12654;12564;12565;12566;12347;12392;12391;12390;12251;12250;12249;12248;12247;12221;12172;12160;12102;12050;11758;11657;11563;11416;11415;11315;11417;11418;11373;11374;11375;11408;11378;11749;11923;12013;12012;12011;12230;12185;12186;12187;12326;12327;12328;12329;12330;12356;12405;12417;12475;12527;12819;12920;13014;13161;13162;13262;5992;5991;6036;6035;6034;6001;6031;5660;5486;5396;5397;5398;5179;5224;5223;5222;3035;3034;3033;3032;3031;3005;2956;2944;2886;2834;2542;2441;2347;2200;2199;2099
2100;2134;2170;2156;2084;2155;2196;2298;2532;2706;2769;2787;3010;2853;2854;2855;5189;5190;5191;5192;5193;5194;5281;5305;5306;5360;5650;5709;5847;5978;5995;6079;13261;13227;13191;13205;13277;13206;13165;13063;12829;12655;12592;12574;12351;12508;12507;12506;12220;12219;12218;12217;12216;12215;12128;12104;12103;12049;11759;11700;11562;11431;11414;11330;11316;11350;11386;11372;11300;11371;11412;11514;11748;11922;11985;12003;12226;12069;12070;12071;12357;12358;12359;12360;12361;12362;12449;12473;12474;12528;12818;12877;13015;13146;13163;13247;6093;6059;6023;6037;6109;6038;5997;5895;5661;5487;5424;5406;5183;5340;5339;5338;3004;3003;3002;3001;3000;2999;2912;2888;2887;2833;2543;2484;2346;2215;2198;2114
2069;2101;2133;2197;2138;2169;2195;2249;2381;2705;2766;2782;2786;2794;2851;2852;5213;5214;5221;5220;5246;5247;5303;5304;5330;5649;5706;5710;5962;5979;6102;6118;13292;13260;13228;13164;13223;13192;13166;13112;12980;12656;12595;12579;12575;12567;12510;12509;12196;12195;12188;12189;12163;12162;12106;12105;12079;11760;11703;11699;11447;11430;11307;11291;11285;11317;11349;11413;11354;11385;11411;11465;11597;11921;11982;11998;12002;12010;12067;12068;12381;12382;12389;12388;12414;12415;12471;12472;12498;12817;12874;12878;13130;13147;13270;13286;6124;6092;6060;5996;6055;6024;5998;5944;5812;5488;5427;5411;5407;5399;5342;5341;2980;2979;2972;2973;2947;2946;2890;2889;2863;2544;2487;2483;2231;2214;2091;2075
2068;2076;2102;2132;2137;2168;2167;2217;2380;2599;2767;2783;2784;2785;2793;2792;5212;5215;5243;5245;5258;5301;5302;5180;5329;5592;5593;5850;5963;5980;6100;6126;13293;13285;13259;13229;13224;13193;13194;13144;12981;12762;12594;12578;12577;12576;12568;12569;12197;12194;12166;12164;12151;12108;12107;12229;12080;11817;11816;11559;11446;11429;11309;11283;11284;11292;11318;11348;11353;11384;11383;11433;11596;11815;11983;11999;12000;12001;12009;12008;12380;12383;12411;12413;12426;12469;12470;12348;12497;12760;12761;13018;13131;13148;13268;13294;6125;6117;6091;6061;6056;6025;6026;5976;5813;5594;5426;5410;5409;5408;5400;5401;2981;2978;2950;2948;2935;2892;2891;3013;2864;2601;2600;2343;2230;2213;2093;2067
2077;2103;2104;2105;2136;2154;2166;2218;2300;2400;2768;2760;2761;2762;2764;2763;5211;5216;5219;5244;5259;5300;5327;5328;5591;5708;5707;5851;5964;5981;6082;6127;13284;13258;13257;13256;13225;13207;13195;13143;13061;12961;12593;12601;12600;12599;12597;12598;12198;12193;12190;12165;12150;12109;12082;12081;11818;11701;11702;11558;11445;11428;11327;11282;11293;11319;11320;11321;11352;11370;11382;11434;11516;11616;11984;11976;11977;11978;11980;11979;12379;12384;12387;12412;12427;12468;12495;12496;12759;12876;12875;13019;13132;13149;13250;13295;6116;6090;6089;6088;6057;6039;6027;5975;5893;5793;5425;5433;5432;5431;5429;5430;2982;2977;2974;2949;2934;2893;2866;2865;2602;2485;2486;2342;2229;2212;2111;2066
2293;2292;2210;2164;2135;2153;2165;2337;2301;2399;2781;2740;2739;2738;2737;2765;5210;5217;5218;5282;5298;5299;5326;5584;5590;5770;5635;5824;5899;6084;6083;6077;13068;13069;13151;13197;13226;13208;13196;13024;13060;12962;12580;12621;12622;12623;12624;12596;12199;12192;12191;12127;12111;12110;12083;11825;11819;11639;11774;11585;11510;11325;11326;11332;11509;11508;11426;11380;11351;11369;11381;11553;11517;11615;11997;11956;11955;11954;11953;11981;12378;12385;12386;12450;12466;12467;12494;12752;12758;12938;12803;12992;13067;13252;13251;13245;5900;5901;5983;6029;6058;6040;6028;5856;5892;5794;5412;5453;5454;5455;5456;5428;2983;2976;2975;2911;2895;2894;2867;2609;2603;2423;2558;2369;2294;2109;2110;2116
2806;2723;2448;2365;2191;2190;2403;2726;2725;2724;2780;2531;2628;2681;2736;2735;5209;5240;5242;5296;5297;5325;5238;5585;5589;5750;5492;5825;5945;6085;6078;5637;12555;12638;12913;12996;13170;13171;12958;12635;12636;12637;12581;12830;12733;12680;12625;12626;12200;12169;12167;12113;12112;12084;12171;11824;11820;11659;11917;11584;11464;11324;11331;11772;12022;11939;11664;11581;11407;11406;11619;11942;11941;11940;11996;11747;11844;11897;11952;11951;12377;12408;12410;12464;12465;12493;12406;12753;12757;12918;12660;12993;13113;13253;13246;12805;5387;5470;5745;5828;6002;6003;5790;5467;5468;5469;5413;5662;5565;5512;5457;5458;2984;2953;2951;2897;2896;2868;2955;2608;2604;2443;2701;2368;2248;2108;2115;2556
2449;2722;2720;2092;2112;2291;2843;2452;2451;2659;2804;2530;2627;2680;2595;2629;5208;5241;5260;5295;5324;5352;5550;5586;5768;5767;5493;5852;5946;6086;5809;5743;12912;12639;12641;13269;13249;13070;12518;12909;12910;12702;12557;12831;12734;12681;12766;12732;12201;12168;12149;12114;12085;12057;11859;11823;11641;11642;11916;11557;11463;11323;11600;11666;11665;11938;11936;11308;11328;11507;12059;11668;11667;11875;12020;11746;11843;11896;11811;11845;12376;12409;12428;12463;12492;12520;12718;12754;12936;12935;12661;13020;13114;13254;12977;12911;5744;5471;5473;6101;6081;5902;5350;5741;5742;5534;5389;5663;5566;5513;5598;5564;2985;2952;2933;2898;2869;2841;2643;2607;2425;2426;2700;2341;2247;2107;2384;2450
2954;2721;2447;2142;2078;2290;2844;2805;2703;2702;2842;2715;2682;2679;2594;2630;5207;5261;5293;5294;5323;5733;5551;5587;5769;5772;5531;5532;5947;6062;5810;5783;12407;12640;12914;13219;13283;13071;12517;12556;12658;12659;12519;12646;12679;12682;12767;12731;12202;12148;12116;12115;12086;11676;11858;11822;11640;11637;11878;11877;11462;11347;11599;11626;12170;11937;11663;11358;11294;11506;12060;12021;11919;11918;12058;11931;11898;11895;11810;11846;12375;12429;12461;12462;12491;12901;12719;12755;12937;12940;12699;12700;13115;13230;12978;12951;5239;5472;5746;6051;6115;5903;5349;5388;5490;5491;5351;5478;5511;5514;5599;5563;2986;2932;2900;2899;2870;2460;2642;2606;2424;2421;2662;2661;2246;2131;2383;2410
2289;2382;2366;2141;2071;2113;2825;2435;2434;2773;2772;2803;2626;2678;2636;2631;5206;5262;5292;5322;5482;5683;5552;5553;5588;5795;5494;5634;5972;5971;5970;6108;13072;12979;12995;13220;13290;13248;12536;12926;12927;12588;12589;12558;12735;12683;12725;12730;12203;12147;12117;12087;11927;11726;11857;11856;11821;11614;11915;11775;11437;11438;11439;11301;11505;11598;11582;11357;11287;11329;12041;11651;11650;11989;11988;12019;11842;11894;11852;11847;12374;12430;12460;12490;12650;12851;12720;12721;12756;12963;12662;12802;13140;13139;13138;13276;5904;5811;5827;6052;6122;6080;5368;5758;5759;5420;5421;5390;5567;5515;5557;5562;2987;2931;2901;2871;2711;2510;2641;2640;2605;2398;2699;2559;2221;2222;2223;2085
2187;2367;2143;2072;2080;2081;2557;2335;2433;2655;2656;2823;2713;2677;2592;2632;5121;5263;5291;5402;5684;5771;5682;5681;5751;5796;5495;5853;6021;6022;6053;6054;13174;12994;13218;13289;13281;13280;12804;13026;12928;12706;12705;12538;12648;12684;12769;12729;12288;12146;12118;12007;11725;11638;11727;11728;11658;11613;11914;11556;11388;11387;11356;11355;11403;11583;11359;11288;11296;11297;11773;11551;11649;11871;11872;12039;11929;11893;11808;11848;12289;12431;12459;12570;12852;12939;12850;12849;12919;12964;12663;13021;13189;13190;13221;13222;6006;5826;6050;6121;6113;6112;5636;5858;5760;5538;5537;5370;5480;5516;5601;5561;3072;2930;2902;2791;2509;2422;2511;2512;2442;2397;2698;2340;2172;2171;2140;2139
2188;2120;2119;2118;2117;2082;2401;2334;2409;2408;2657;2824;2822;2731;2730;2633;5205;5264;5290;5701;5685;5854;5855;5680;5533;5498;5715;5948;5982;6042;6123;6087;13173;13241;13242;13243;13244;13279;12960;13027;12952;12953;12704;12537;12539;12630;12631;12728;12204;12145;12119;11708;11724;11555;11554;11729;11876;11911;11694;11461;11427;11367;11286;11322;11404;11336;11335;11334;11333;11298;11617;11550;11625;11624;11873;12040;12038;11947;11946;11849;12373;12432;12458;12869;12853;13022;13023;12848;12701;12666;12883;13116;13150;13210;13291;13255;6005;6073;6074;6075;6076;6111;5792;5859;5784;5785;5536;5369;5371;5462;5463;5560;2988;2929;2903;2492;2508;2339;2338;2513;2660;2695;2478;2245;2211;2151;2070;2106
5046;5047;4784;4839;4980;5048;4714;4715;4836;4762;4511;4149;4348;4435;4440;4578;4013;3952;3928;3798;3574;3485;3443;3420;3514;3929;3378;3268;3250;3210;3174;3148;10315;10314;10577;10522;10381;10313;10647;10646;10525;10599;10850;11212;11013;10926;10921;10783;13396;13457;13481;13611;13835;13924;13966;13989;13895;13480;14031;14141;14159;14199;14235;14261;14262;14263;14000;14055;14196;14264;13930;13931;14052;13978;13727;13365;13564;13651;13656;13794;11181;11120;11096;10966;10742;10653;10611;10588;10682;11097;10546;10436;10418;10378;10342;10316;3147;3146;3409;3354;3213;3145;3479;3478;3357;3431;3682;4044;3845;3758;3753;3615;4180;4241;4265;4395;4619;4708;4750;4773;4679;4264;4815;4925;4943;4983;5019;5045
5044;4928;4783;4426;4412;4427;4342;4428;4837;4713;4424;4107;4349;4436;4441;4579;4014;3951;3950;3669;3668;3515;3360;3662;3853;3852;3780;3267;3256;3209;3173;3266;10317;10433;10578;10935;10949;10934;11019;10933;10524;10648;10937;11254;11012;10925;10920;10782;13395;13458;13459;13740;13741;13894;14049;13747;13556;13557;13629;14142;14153;14200;14236;14143;14260;14144;13999;13642;13628;13643;13558;13644;14053;13929;13640;13323;13565;13652;13657;13795;11182;11119;11118;10837;10836;10683;10528;10830;11021;11020;10948;10435;10424;10377;10341;10434;3149;3265;3410;3767;3781;3766;3851;3765;3356;3480;3769;4086;3844;3757;3752;3614;4179;4242;4243;4524;4525;4678;4833;4531;4340;4341;4413;4926;4937;4984;5020;4927
5043;4994;5106;5095;4960;4716;4343;4442;4838;4712;4425;4150;4350;4398;4581;4580;4015;3949;3897;3573;3572;3531;3530;3832;4048;3381;3470;3252;3251;3171;3172;3198;10318;10367;10255;10266;10401;10645;11018;10919;10523;10649;10936;11211;11011;10963;10780;10781;13394;13460;13512;13836;13837;13878;13879;13577;13361;14028;13939;14157;14158;14238;14237;14211;14259;14210;14322;14311;14176;13932;13559;13658;14054;13928;13641;13366;13566;13614;13797;13796;11183;11117;11065;10741;10740;10699;10698;11000;11216;10549;10638;10420;10419;10339;10340;10366;3150;3199;3087;3098;3233;3477;3850;3751;3355;3481;3768;4043;3843;3795;3612;3613;4178;4244;4296;4620;4621;4662;4663;4361;4145;4812;4723;4941;4942;5022;5021;4995
5041;5042;4895;4962;4961;4867;4842;4701;4763;4711;4532;4151;4152;4351;4411;4582;4091;4090;3898;3637;3504;3571;3529;3831;4035;3643;3379;3377;3263;3208;3207;3153;10320;10319;10466;10399;10400;10494;10519;10660;10598;10650;10829;11210;11209;11010;10950;10779;13318;13319;13511;13772;13905;13838;13880;13578;13374;13766;14030;14032;14146;14201;14202;14256;14257;14258;14111;14178;14177;14083;14058;13917;13979;13927;13748;13367;13368;13567;13627;13798;11259;11258;11066;10805;10672;10739;10697;10999;11203;10811;10547;10545;10431;10376;10375;10321;3152;3151;3298;3231;3232;3326;3351;3492;3430;3482;3661;4042;4041;3842;3782;3611;4102;4103;4295;4556;4689;4622;4664;4362;4158;4550;4814;4816;4930;4985;4986;5040
4996;4840;4806;4805;4758;4705;4706;4609;4707;4764;4592;4153;4324;4390;4410;4583;4016;4082;3813;3663;3635;3570;3528;3577;3642;3801;3778;3376;3260;3258;3206;3154;10365;10521;10555;10556;10603;10656;10655;10752;10654;10597;10769;11208;11037;10971;10951;10778;13393;13327;13596;13746;13774;13839;13881;13832;13767;13608;13631;14033;14149;14151;14203;14255;14212;14056;14022;14021;13974;13921;13922;13825;13923;13980;13808;13369;13540;13606;13626;13799;11184;11250;10981;10831;10803;10738;10696;10745;10810;10969;10946;10544;10428;10426;10374;10322;3197;3353;3387;3388;3435;3488;3487;3584;3486;3429;3601;4040;3869;3803;3783;3610;4177;4111;4380;4530;4558;4623;4665;4616;4551;4392;4415;4817;4933;4935;4987;5039
4990;5017;5096;5090;4936;4894;4841;4702;4765;4710;4353;4290;4352;4399;4479;4480;4017;4081;3671;3569;3527;3526;3525;3524;3523;3779;3777;3375;3264;3262;3205;3204;10371;10344;10265;10271;10425;10467;10520;10659;10596;10651;11008;11071;11009;10962;10882;10881;13392;13328;13738;13840;13882;13883;13884;13885;13886;13630;13632;14034;14145;14147;14204;14205;14206;14233;14312;14306;14152;14110;14057;13918;13981;13926;13569;13506;13568;13615;13695;13696;11185;11249;10839;10737;10695;10694;10693;10692;10691;10947;10945;10543;10432;10430;10373;10372;3203;3176;3097;3103;3257;3299;3352;3491;3428;3483;3840;3903;3841;3794;3714;3713;4176;4112;4522;4624;4666;4667;4668;4669;4670;4414;4416;4818;4929;4931;4988;4989
4991;4992;4993;4963;4843;4782;4781;4704;4703;4549;4322;4323;4437;4472;4481;4584;4018;3899;3670;3622;3579;3578;3687;3522;3620;3856;3855;3419;3327;3261;3295;3294;10370;10369;10368;10398;10518;10579;10580;10657;10658;10812;11039;11038;10924;10889;10880;10777;13391;13510;13739;13787;13830;13831;13722;13887;13789;13553;13554;13990;14082;14148;14114;14115;14207;14208;14209;14179;14059;13998;13997;13920;13919;13765;13538;13539;13653;13688;13697;13800;11186;11067;10838;10790;10747;10746;10855;10690;10788;11024;11023;10587;10495;10429;10463;10462;3202;3201;3200;3230;3350;3411;3412;3489;3490;3644;3871;3870;3756;3721;3712;3609;4175;4294;4523;4571;4614;4615;4506;4671;4573;4337;4338;4774;4866;4932;4898;4899
4851;4900;4901;4944;4945;4893;4844;4767;4496;4391;4357;4455;4544;4587;4586;4585;4019;3900;3689;3690;3621;3575;3688;3517;3833;4036;3720;3089;3418;3259;3296;3343;10510;10461;10460;10417;10416;10468;10517;10594;10865;10970;11004;10906;10817;10774;10775;10776;13390;13509;13720;13719;13788;13834;13721;13892;13576;13373;13689;14320;13991;14150;14113;14066;14067;14116;14117;14160;14161;14109;14060;13983;13712;13607;13573;13671;13760;13803;13802;13801;11187;11068;10857;10858;10789;10743;10856;10685;11001;11204;10888;10257;10586;10427;10464;10511;3342;3293;3292;3249;3248;3300;3349;3426;3697;3802;3836;3738;3649;3606;3607;3608;4174;4293;4504;4503;4572;4618;4505;4676;4360;4157;4473;5104;4775;4934;4897;4850
4807;4808;4847;4848;4902;4846;4845;4607;4548;4321;4451;4465;4588;4589;4590;4545;4020;4051;3640;3691;3692;3576;3493;3834;3854;3835;3275;3088;3274;3417;3297;3344;10554;10553;10514;10513;10459;10515;10516;10754;10813;11040;10910;10896;10773;10772;10771;10816;13389;13358;13769;13718;13717;13833;13916;13575;13555;13574;14134;14321;14135;13992;14112;14065;14023;14024;14063;14064;14118;14062;14061;13823;13764;13537;13667;13681;13804;13805;13806;13761;11188;11219;10808;10859;10860;10744;10661;11002;11022;11003;10443;10256;10442;10585;10465;10512;3386;3385;3346;3345;3291;3347;3348;3586;3645;3872;3742;3728;3605;3604;3603;3648;4173;4142;4553;4502;4501;4617;4700;4359;4339;4358;4918;5105;4919;4776;4896;4849
4778;4779;4755;4756;4780;4757;4606;4477;4648;4450;4452;4482;4483;4484;4547;4356;4021;3901;3696;3639;3693;3641;3402;3494;3776;3775;3276;3122;3079;3330;3383;3382;10583;10582;10606;10605;10581;10604;10755;10884;10713;10911;10909;10879;10878;10877;10814;11005;13388;13508;13713;13770;13716;13768;14007;13915;13633;13634;14133;14287;14330;14079;14026;14027;13994;13995;13971;13972;13996;13973;13822;13693;13864;13666;13668;13698;13699;13700;13763;13572;11189;11069;10864;10807;10861;10809;10570;10662;10944;10943;10444;10290;10247;10498;10551;10550;3415;3414;3438;3437;3413;3436;3587;3716;3545;3743;3741;3711;3710;3709;3646;3837;4172;4292;4497;4554;4500;4552;4791;4699;4417;4418;4917;5071;5114;4863;4810;4811
4752;4753;4754;4608;4604;4605;4476;4647;4649;4596;4453;4651;4485;4652;4653;4535;4087;4045;3736;3695;3694;3496;3401;3495;3715;3499;3498;3278;3078;3077;3384;3416;10609;10608;10607;10753;10757;10756;10885;10714;10712;10765;10908;10710;10876;10709;10708;10826;13322;13364;13673;13714;13715;13913;14008;13914;13694;13910;13911;14131;14331;14332;14025;13993;13968;13969;13970;13824;13820;13821;13692;13863;13865;13812;13669;13867;13701;13868;13869;13751;11255;11213;10904;10863;10862;10664;10569;10663;10883;10667;10666;10446;10246;10245;10552;10584;3441;3440;3439;3585;3589;3588;3717;3546;3544;3597;3740;3542;3708;3541;3540;3658;4106;4148;4457;4498;4499;4697;4792;4698;4478;4694;4695;4915;5115;5116;4809;4777
4751;4725;4724;4749;4603;4475;4646;4546;4650;4595;4597;4598;4599;4655;4654;5073;4088;4046;3902;3638;3308;3309;3310;3341;3340;3339;3497;3456;3113;3073;3080;3331;10610;10636;10637;10612;10758;10886;10715;10815;10711;10766;10764;10763;10762;10706;10707;10288;13321;13363;13507;13771;14101;14100;14099;14068;14069;14070;13912;13953;14296;14336;14329;14078;13967;13941;13940;13965;13819;13691;13862;13762;13866;13811;13813;13814;13815;13871;13870;14289;11256;11214;11070;10806;10476;10477;10478;10509;10508;10507;10665;10624;10281;10241;10248;10499;3442;3468;3469;3444;3590;3718;3547;3647;3543;3598;3596;3595;3594;3538;3539;3120;4105;4147;4291;4555;4885;4884;4883;4852;4853;4854;4696;4737;5080;5120;5113;4862
4861;4419;4601;4600;4557;4559;4645;4381;4355;4594;4672;4673;4494;4495;4870;5074;4022;3814;3306;3454;3307;3451;3400;3399;3321;3311;3398;3455;3280;3107;3074;3075;10500;10942;10760;10761;10804;10802;10716;10980;11006;10767;10689;10688;10867;10866;10491;10287;13387;13595;14103;13955;14102;13958;14009;14010;14088;14098;14011;13954;14129;14302;14335;14334;14077;13635;13817;13816;13773;13775;13861;13597;13571;13810;13888;13889;13710;13711;14086;14290;11190;10982;10474;10622;10475;10619;10568;10567;10489;10479;10566;10623;10448;10275;10242;10243;3332;3774;3592;3593;3636;3634;3548;3812;3838;3599;3521;3520;3699;3698;3323;3119;4171;4379;4887;4739;4886;4742;4793;4794;4872;4882;4795;4738;4913;5086;5119;5118
5110;5025;4602;4420;4642;4643;4644;4143;4260;4104;4423;4674;4675;4493;4914;5079;3799;3304;3305;3453;3672;3452;3329;3328;3290;3289;3397;3396;3187;3281;3110;3076;10251;10336;10759;10941;10719;10718;10717;11218;11101;11257;10938;10687;10686;10868;10447;10282;13610;14105;14104;13956;13737;13957;14080;14081;14119;14120;14012;14013;14222;14128;14299;14333;14326;14241;13818;13636;13858;13859;13860;13359;13476;13320;13639;13890;13891;13709;14130;14295;10967;10472;10473;10621;10840;10620;10497;10496;10458;10457;10565;10564;10355;10449;10278;10244;3083;3168;3591;3773;3551;3550;3549;4050;3933;4089;3770;3519;3518;3700;3279;3114;4394;4889;4888;4740;4521;4741;4864;4865;4903;4904;4796;4797;5006;4912;5083;5117
5112;5108;5024;4860;4641;4516;4515;4144;4393;4261;4262;4263;4486;4916;5075;5082;3369;3288;3394;3395;3286;3676;3675;3403;3338;3301;3380;3501;3500;3460;3282;3082;10249;10253;10337;10501;10720;10845;10846;11217;10968;11100;11099;11098;10875;10445;10286;10279;14040;14121;14015;14014;14123;13733;13734;14006;14071;14108;14029;13908;13909;13949;14127;14327;14328;14324;14240;14076;13857;13732;13731;13360;13609;13477;13478;13479;13702;14132;14291;14298;10537;10456;10562;10563;10454;10844;10843;10571;10506;10469;10548;10669;10668;10628;10450;10250;3081;3085;3169;3333;3552;3677;3678;4049;3800;3932;3931;3930;3707;3277;3118;3111;4824;4905;4799;4798;4907;4517;4518;4790;4855;4892;4813;4692;4693;4733;4911;5111
5109;5107;5023;4859;4858;4640;4421;4422;4593;4576;4146;4126;4591;4534;5081;5072;3368;3287;3312;3303;3285;3284;3674;3673;3337;3336;3302;3503;3463;3462;3461;3283;10252;10254;10338;10502;10503;10721;10940;10939;10768;10785;11215;11235;10770;10827;10280;10289;14041;14122;14097;14106;14124;14125;13735;13736;14072;14073;14107;13906;13946;13947;13948;14126;14325;14323;14239;14075;14074;13856;13637;13638;13809;13792;13362;13342;13807;13750;14297;14288;10536;10455;10480;10471;10453;10452;10842;10841;10505;10504;10470;10671;10631;10630;10629;10451;3084;3086;3170;3334;3335;3553;3772;3771;3600;3617;4047;4067;3602;3659;3112;3121;4825;4906;4881;4890;4908;4909;4519;4520;4856;4857;4891;4690;4730;4731;4732;4910
15595;15596;15583;15597;15598;15573;15363;15472;15471;15470;15469;15468;15386;15387;15388;15389;9200;9199;9192;9186;9172;9153;9204;9084;9083;9082;9025;9024;9006;9005;8983;8993;1814;1813;1826;1812;1811;1836;2046;1937;1938;1939;1940;1941;2023;2022;2021;2020;6161;6162;6169;6175;6189;6208;6157;6277;6278;6279;6336;6337;6355;6356;6378;6368;6379;6380;6367;6381;6382;6357;6147;6256;6255;6254;6253;6252;6170;6171;6172;6173;2032;2031;2024;2018;2004;1985;2036;1916;1915;1914;1857;1856;1838;1837;1815;1825;8982;8981;8994;8980;8979;9004;9214;9105;9106;9107;9108;9109;9191;9190;9189;9188;15377;15378;15385;15391;15405;15424;15373;15493;15494;15495;15552;15553;15571;15572;15594;15584
15896;15944;15945;15897;15723;15632;15362;15574;15575;15576;15577;15364;15365;15516;15517;15518;9197;9198;9193;9185;9173;9205;9103;9085;9081;9027;9026;9016;9151;8946;8683;8682;1513;1465;1464;1512;1686;1777;2047;1835;1834;1833;1832;2045;2044;1893;1892;1891;6164;6163;6168;6176;6188;6156;6258;6276;6280;6334;6335;6345;6210;6415;6678;6679;6680;6728;6729;6681;6507;6416;6146;6358;6359;6360;6361;6148;6149;6300;6301;6302;2029;2030;2025;2017;2005;2037;1935;1917;1913;1859;1858;1848;1983;1778;1515;1514;8681;8633;8632;8680;8854;8945;9215;9003;9002;9001;9000;9213;9212;9061;9060;9059;15380;15379;15384;15392;15404;15372;15474;15492;15496;15550;15551;15561;15426;15631;15894;15895
16213;16214;16239;16217;16138;15898;15724;15509;15510;15511;15512;15513;15523;15465;15466;15467;9196;9195;9194;9184;9174;9152;9102;9086;9080;9028;9104;8984;8684;8626;8625;8494;1196;1195;1170;1192;1271;1511;1685;1900;1899;1898;1897;1896;1886;1944;1943;1942;6165;6166;6167;6177;6187;6209;6259;6275;6281;6333;6257;6377;6677;6735;6736;6867;6997;6998;7023;7001;6922;6682;6508;6293;6294;6295;6296;6297;6307;6249;6250;6251;2028;2027;2026;2016;2006;1984;1934;1918;1912;1860;1936;1816;1516;1458;1457;1326;8364;8363;8338;8360;8439;8679;8853;9068;9067;9066;9065;9064;9054;9112;9111;9110;15381;15382;15383;15393;15403;15425;15475;15491;15497;15549;15473;15593;15893;15951;15952;16083
16229;16230;16272;16273;16240;16137;15899;15725;15633;15634;15635;15515;15418;15520;15519;15514;9180;9181;9182;9183;9203;9150;9101;9087;9029;9089;8959;8685;8584;8493;8492;8349;1180;1179;1137;1136;1169;1272;1510;1684;1776;1775;1774;1894;1991;1889;1890;1895;6181;6180;6179;6178;6158;6211;6260;6274;6332;6272;6402;6676;6777;6868;6869;7012;7013;7014;7056;7057;7024;6921;6683;6509;6417;6418;6419;6299;6202;6304;6303;6298;2012;2013;2014;2015;2035;1982;1933;1919;1861;1921;1791;1517;1416;1325;1324;1181;8348;8347;8305;8304;8337;8440;8678;8852;8944;8943;8942;9062;9159;9057;9058;9063;15397;15396;15395;15394;15374;15427;15476;15490;15548;15488;15618;15892;15993;16084;16085;16228
16232;16231;16276;16275;16274;16241;16271;15900;15726;15636;15637;15638;15419;15464;15463;15462;9179;9178;9177;9176;9175;9149;9100;9088;9030;8978;8686;8585;8491;8344;8343;8243;1177;1178;1133;1134;1135;1168;1138;1509;1683;1773;1772;1771;1990;1945;1946;1947;6182;6183;6184;6185;6186;6212;6261;6273;6331;6383;6675;6776;6870;7017;7018;7118;7016;7015;7060;7059;7058;7025;7055;6684;6510;6420;6421;6422;6203;6248;6247;6246;2011;2010;2009;2008;2007;1981;1932;1920;1862;1810;1518;1417;1323;1176;1175;1075;8345;8346;8301;8302;8303;8336;8306;8677;8851;8941;8940;8939;9158;9113;9114;9115;15398;15399;15400;15401;15402;15428;15477;15489;15547;15599;15891;15992;16086;16233;16234;16334
16333;16299;16263;16277;16349;16278;16237;16135;15901;15727;15664;15646;15423;15580;15579;15578;9148;9147;9146;9145;9144;9143;9056;9032;9031;8977;8687;8628;8490;8359;8342;8258;1076;1110;1146;1132;1060;1131;1172;1274;1508;1682;1745;1763;1986;1829;1830;1831;6213;6214;6215;6216;6217;6218;6305;6329;6330;6384;6674;6733;6871;7002;7019;7103;7117;7083;7047;7061;7133;7062;7021;6919;6685;6511;6448;6430;6207;6364;6363;6362;1980;1979;1978;1977;1976;1975;1888;1864;1863;1809;1519;1460;1322;1191;1174;1090;8244;8278;8314;8300;8228;8299;8340;8442;8676;8850;8913;8931;9154;8997;8998;8999;15429;15430;15431;15432;15433;15434;15521;15545;15546;15600;15890;15949;16087;16218;16235;16319
16364;16332;16300;16236;16295;16264;16238;16184;16052;15728;15667;15651;15647;15639;15582;15581;9124;9123;9116;9117;9091;9090;9034;9033;9007;8688;8631;8627;8375;8358;8235;8219;1045;1077;1109;1173;1114;1145;1171;1225;1357;1681;1742;1758;1762;1770;1827;1828;6237;6238;6245;6244;6270;6271;6327;6328;6354;6673;6730;6734;6986;7003;7126;7142;7148;7116;7084;7020;7079;7048;7022;6968;6836;6512;6451;6435;6431;6423;6366;6365;1956;1955;1948;1949;1923;1922;1866;1865;1839;1520;1463;1459;1207;1190;1067;1051;8213;8245;8277;8341;8282;8313;8339;8393;8525;8849;8910;8926;8930;8938;8995;8996;15453;15454;15461;15460;15486;15487;15543;15544;15570;15889;15946;15950;16202;16219;16342;16358
16365;16357;16331;16301;16296;16265;16266;16216;16053;15834;15666;15650;15649;15648;15640;15641;9125;9122;9094;9092;9079;9036;9035;9157;9008;8745;8744;8487;8374;8357;8237;8211;1044;1052;1078;1108;1113;1144;1143;1193;1356;1575;1743;1759;1760;1761;1769;1768;6236;6239;6267;6269;6282;6325;6326;6204;6353;6616;6617;6874;6987;7004;7124;7150;7149;7141;7115;7085;7080;7049;7050;7000;6837;6618;6450;6434;6433;6432;6424;6425;1957;1954;1926;1924;1911;1868;1867;1989;1840;1577;1576;1319;1206;1189;1069;1043;8212;8220;8246;8276;8281;8312;8311;8361;8524;8743;8911;8927;8928;8929;8937;8936;15452;15455;15483;15485;15498;15541;15542;15420;15569;15832;15833;16090;16203;16220;16340;16366
16356;16330;16329;16328;16297;16279;16267;16215;16133;16033;15665;15673;15672;15671;15669;15670;9126;9121;9118;9093;9078;9037;9010;9009;8746;8629;8630;8486;8373;8356;8255;8210;1053;1079;1080;1081;1112;1130;1142;1194;1276;1376;1744;1736;1737;1738;1740;1739;6235;6240;6243;6268;6283;6324;6351;6352;6615;6732;6731;6875;6988;7005;7106;7151;7140;7114;7113;7112;7081;7063;7051;6999;6917;6817;6449;6457;6456;6455;6453;6454;1958;1953;1950;1925;1910;1869;1842;1841;1578;1461;1462;1318;1205;1188;1087;1042;8221;8247;8248;8249;8280;8298;8310;8362;8444;8544;8912;8904;8905;8906;8908;8907;15451;15456;15459;15484;15499;15540;15567;15568;15831;15948;15947;16091;16204;16221;16322;16367
16140;16141;16223;16269;16298;16280;16268;16096;16132;16034;15652;15693;15694;15695;15696;15668;9127;9120;9119;9055;9039;9038;9011;8753;8747;8567;8702;8513;8438;8253;8254;8260;1269;1268;1186;1140;1111;1129;1141;1313;1277;1375;1757;1716;1715;1714;1713;1741;6234;6241;6242;6306;6322;6323;6350;6608;6614;6794;6659;6848;6923;7108;7107;7101;6924;6925;7007;7053;7082;7064;7052;6880;6916;6818;6436;6477;6478;6479;6480;6452;1959;1952;1951;1887;1871;1870;1843;1585;1579;1399;1534;1345;1270;1085;1086;1092;8437;8436;8354;8308;8279;8297;8309;8481;8445;8543;8925;8884;8883;8882;8881;8909;15450;15457;15458;15522;15538;15539;15566;15824;15830;16010;15875;16064;16139;16324;16323;16317
15627;15710;15985;16068;16242;16243;16030;15707;15708;15709;15653;15902;15805;15752;15697;15698;9128;9097;9095;9041;9040;9012;9099;8752;8748;8587;8845;8512;8392;8252;8259;8700;1782;1699;1424;1341;1167;1166;1379;1702;1701;1700;1756;1507;1604;1657;1712;1711;6233;6264;6266;6320;6321;6349;6262;6609;6613;6774;6516;6849;6969;7109;7102;6661;6411;6494;6769;6852;7026;7027;6814;6491;6492;6493;6437;6686;6589;6536;6481;6482;1960;1929;1927;1873;1872;1844;1931;1584;1580;1419;1677;1344;1224;1084;1091;1532;8950;8867;8592;8509;8335;8334;8547;8870;8869;8868;8924;8675;8772;8825;8880;8879;15449;15480;15482;15536;15537;15565;15478;15825;15829;15990;15732;16065;16185;16325;16318;15877
15984;15711;15713;16341;16321;16142;15590;15981;15982;15774;15629;15903;15806;15753;15838;15804;9129;9096;9077;9042;9013;8985;8787;8751;8569;8570;8844;8485;8391;8251;8528;8594;1425;1698;1696;1068;1088;1267;1819;1428;1427;1635;1780;1506;1603;1656;1571;1605;6232;6265;6284;6319;6348;6376;6574;6610;6792;6791;6517;6876;6970;7110;6833;6767;6768;6495;6497;7125;7105;6926;6374;6765;6766;6558;6413;6687;6590;6537;6622;6588;1961;1928;1909;1874;1845;1817;1619;1583;1401;1402;1676;1317;1223;1083;1360;1426;8593;8866;8864;8236;8256;8435;8987;8596;8595;8803;8948;8674;8771;8824;8739;8773;15448;15481;15500;15535;15564;15592;15790;15826;16008;16007;15733;16092;16186;16326;16049;15983
15479;15712;15986;16291;16355;16143;15589;15628;15730;15731;15591;15718;15751;15754;15839;15803;9130;9076;9044;9043;9014;8604;8786;8750;8568;8565;8806;8805;8390;8275;8527;8554;1930;1697;1423;1118;1054;1266;1820;1781;1679;1678;1818;1691;1658;1655;1570;1606;6231;6285;6317;6318;6347;6757;6575;6611;6793;6796;6555;6556;6971;7086;6834;6807;6263;6496;6770;7075;7139;6927;6373;6412;6514;6515;6375;6502;6535;6538;6623;6587;1962;1908;1876;1875;1846;1436;1618;1582;1400;1397;1638;1637;1222;1107;1359;1386;9098;8865;8591;8286;8222;8434;8988;8949;8847;8846;8986;8859;8826;8823;8738;8774;15447;15501;15533;15534;15563;15973;15791;15827;16009;16012;15771;15772;16187;16302;16050;16023
16144;16051;16067;16292;16362;16320;15608;15998;15999;15660;15661;15630;15807;15755;15797;15802;9131;9075;9045;9015;8855;8654;8785;8784;8749;8542;8843;8703;8365;8366;8367;8229;1265;1358;1342;1117;1047;1089;1801;1411;1410;1749;1748;1779;1602;1654;1612;1607;6230;6286;6316;6346;6506;6707;6576;6577;6612;6819;6518;6658;6996;6995;6994;7132;6928;6835;6851;7076;7146;7104;6392;6782;6783;6444;6445;6414;6591;6539;6581;6586;1963;1907;1877;1847;1687;1486;1617;1616;1581;1374;1675;1535;1197;1198;1199;1061;8433;8526;8510;8285;8215;8257;8969;8579;8578;8917;8916;8947;8770;8822;8780;8775;15446;15502;15532;15562;15722;15923;15792;15793;15828;16035;15734;15874;16212;16211;16210;16348
16246;16066;16290;16361;16353;16352;15876;16098;16000;15778;15777;15610;15720;15756;15841;15801;9216;9074;9046;8935;8653;8566;8655;8656;8586;8541;8842;8484;8316;8315;8284;8283;1163;1343;1119;1048;1056;1057;1533;1311;1409;1631;1632;1799;1689;1653;1568;1608;6145;6287;6315;6426;6708;6795;6706;6705;6775;6820;6519;6877;7045;7046;7077;7078;7030;6850;7074;7145;7137;7136;6660;6882;6784;6562;6561;6394;6504;6540;6625;6585;2048;1906;1878;1767;1485;1398;1487;1488;1418;1373;1674;1316;1148;1147;1116;1115;8331;8511;8287;8216;8224;8225;8701;8479;8577;8799;8800;8967;8857;8821;8736;8776;15361;15503;15531;15642;15924;16011;15922;15921;15991;16036;15735;16093;16261;16262;16293;16294
16245;16313;16314;16315;16316;16351;16032;16099;16024;16025;15776;15609;15611;15702;15703;15800;9132;9073;9047;8636;8652;8483;8482;8657;8804;8839;8622;8389;8355;8295;8214;8250;1164;1096;1095;1094;1093;1058;1377;1310;1385;1384;1633;1800;1798;1707;1706;1609;6229;6288;6314;6725;6709;6878;6879;6704;6557;6522;6739;6972;7006;7066;7147;7111;7029;7097;7098;7099;7100;7135;6816;6883;6808;6809;6560;6393;6395;6486;6487;6584;1964;1905;1879;1468;1484;1315;1314;1489;1636;1671;1454;1221;1187;1127;1046;1082;8332;8264;8263;8262;8261;8226;8545;8478;8553;8552;8801;8968;8966;8875;8874;8777;15445;15504;15530;15941;15925;16094;16095;15920;15773;15738;15955;16188;16222;16282;16363;16327
