yī;一;one;hsk1
bù;不;no;hsk1
le;了;did;hsk1
rén;人;person;hsk1
dà;大;big;hsk1
chū;出;to exit;hsk1
yě;也;also;hsk1
zǐ;子;child;hsk1
yòng;用;to utilize;hsk1
xíng;行;OK;hsk1
rì;日;day;hsk1
shí;十;ten;hsk1
gōng;工;work;hsk1
shǒu;手;hand;hsk1
wén;文;literature;hsk1
èr;二;two;hsk1
xī;西;west;hsk1
yuè;月;month;hsk1
mén;门;entrance;hsk1
ér;儿;son;hsk1
jǐ;几;several;hsk1
kǒu;口;mouth;hsk1
nǚ;女;woman;hsk1
shān;山;mountain;hsk1
mǎ;马;horse;hsk1
wǔ;五;five;hsk1
shū;书;book;hsk1
fēi;非;non-;hsk1
fēi;飞;to fly;hsk1
gān;干;dry;hsk1
chē;车;car;hsk1
huǒ;火;fire;hsk1
jiǔ;九;nine;hsk1
bā;八;eight;hsk1
qī;七;seven;hsk1
mǐ;米;rice;hsk1
máo;毛;fur;hsk1
xí;习;to learn;hsk1
péng;朋;companion;hsk1
yǔ;雨;rain;hsk1
wǔ;午;noon;hsk1
tā;他;he;hsk1
zhè;这;this;hsk1
gè;个;individual;hsk1
men;们;plural;hsk1
lái;来;to come;hsk1
hé;和;harmony;hsk1
shí;时;time;hsk1
yào;要;to want;hsk1
duì;对;correct;hsk1
guò;过;to pass;hsk1
zuò;作;to do;hsk1
me;么;muh;hsk1
kàn;看;to look at;hsk1
fēn;分;part;hsk1
huán;还;to return;hsk1
jìn;进;to advance;hsk1
hǎo;好;good;hsk1
tā;她;she;hsk1
běn;本;notebook;hsk1
kāi;开;to open;hsk1
cóng;从;to follow;hsk1
jī;机;machine;hsk1
míng;明;bright;hsk1
sān;三;three;hsk1
jiān;间;interval;hsk1
wèn;问;to ask;hsk1
shén;什;what;hsk1
guǒ;果;fruit;hsk1
huí;回;to return;hsk1
bǐ;比;to compare;hsk1
shuǐ;水;water;hsk1
rèn;认;to recognize;hsk1
tiáo;条;strip;hsk1
dǎ;打;to strike;hsk1
sì;四;four;hsk1
diàn;电;electricity;hsk1
tài;太;excessively;hsk1
zài;再;again;hsk1
tīng;听;to listen;hsk1
nán;难;difficult;hsk1
jì;记;to remember;hsk1
běi;北;north;hsk1
biān;边;border;hsk1
zhǔn;准;standard;hsk1
zěn;怎;how;hsk1
jiào;叫;to call;hsk1
bèi;备;to prepare;hsk1
xiě;写;to write;hsk1
ma;吗;question;hsk1
bā;吧;bar;hsk1
liù;六;six;hsk1
hào;号;number;hsk1
xìng;兴;excitement;hsk1
hái;孩;child;hsk1
yǒu;友;friend;hsk1
nán;男;male;hsk1
wǎng;网;net;hsk1
shéi;谁;who;hsk1
hàn;汉;Han;hsk1
yī;衣;clothing;hsk1
mā;妈;mama;hsk1
yòu;右;right;hsk1
yé;爷;grandfather;hsk1
bà;爸;papa;hsk1
xiū;休;to rest;hsk1
chàng;唱;to sing;hsk1
nǎi;奶;milk;hsk1
jī;鸡;chicken;hsk1
bēi;杯;cup;hsk1
zuó;昨;yesterday;hsk1
yǒu;有;to possess;hsk1
zhōng;中;middle;hsk1
shàng;上;above;hsk1
shēng;生;life;hsk1
nà;那;that;hsk1
zhe;着;to continue;hsk1
xià;下;below;hsk1
hòu;后;behind;hsk1
shì;事;matter;hsk1
fāng;方;direction;hsk1
duō;多;many;hsk1
tiān;天;heaven;hsk1
xiǎo;小;small;hsk1
yàng;样;appearance;hsk1
xiǎng;想;to think;hsk1
zhèng;正;correct;hsk1
wài;外;outside;hsk1
hěn;很;very;hsk1
zuì;最;most;hsk1
tǐ;体;body;hsk1
jiàn;见;to see;hsk1
míng;名;name;hsk1
bié;别;don't;hsk1
bái;白;white;hsk1
shí;识;knowledge;hsk1
fēng;风;wind;hsk1
fú;服;apparel;hsk1
yuán;元;dollar;hsk1
ne;呢;how about;hsk1
huā;花;flowers;hsk1
qǐng;请;to invite;hsk1
zǎo;早;early;hsk1
zhǎo;找;to look for;hsk1
chī;吃;to eat;hsk1
tú;图;picture;hsk1
yǔ;语;language;hsk1
sù;诉;to accuse;hsk1
shì;试;test;hsk1
shù;树;tree;hsk1
chà;差;to differ;hsk1
suì;岁;years of age;hsk1
zuǒ;左;left;hsk1
lóu;楼;multistory building;hsk1
bān;班;class;hsk1
ròu;肉;meat;hsk1
wàng;忘;to forget;hsk1
chuáng;床;bed;hsk1
mèi;妹;younger sister;hsk1
zhuō;桌;table;hsk1
kè;课;lesson;hsk1
cài;菜;vegetable;hsk1
chá;茶;tea;hsk1
jìng;净;clean;hsk1
shì;是;to be;hsk1
zài;在;at;hsk1
wǒ;我;I;hsk1
guó;国;country;hsk1
dì;地;ground;hsk1
huì;会;meeting;hsk1
néng;能;ability;hsk1
jiā;家;house;hsk1
qù;去;to go;hsk1
xué;学;to study;hsk1
tóng;同;same;hsk1
xiàn;现;present;hsk1
méi;没;to not have;hsk1
dòng;动;to move;hsk1
miàn;面;face;hsk1
xiē;些;some;hsk1
guān;关;to shut;hsk1
diǎn;点;spot;hsk1
xīn;新;new;hsk1
shēn;身;body;hsk1
cì;次;occurrence;hsk1
dōng;东;east;hsk1
qì;气;air;hsk1
fàng;放;to release;hsk1
zhù;住;to dwell;hsk1
jīn;今;now;hsk1
xiào;笑;to laugh;hsk1
yuǎn;远;distant;hsk1
zì;字;character;hsk1
ài;爱;love;hsk1
xī;息;breath;hsk1
shì;视;to look at;hsk1
bāo;包;package;hsk1
bàn;半;half;hsk1
xīng;星;star;hsk1
xiào;校;school;hsk1
wǎn;晚;late;hsk1
nǎ;哪;which;hsk1
xǐ;喜;joy;hsk1
huān;欢;joyous;hsk1
mǎi;买;to buy;hsk1
gē;哥;older brother;hsk1
jiě;姐;older sister;hsk1
jiè;介;to introduce;hsk1
huài;坏;bad;hsk1
niú;牛;cow;hsk1
wán;玩;to play;hsk1
dàn;蛋;egg;hsk1
de;的;possess;hsk1
nǐ;你;you;hsk1
dé;得;to obtain;hsk1
lǐ;里;inside;hsk1
liǎng;两;two;hsk1
gāo;高;tall;hsk1
zǒu;走;walk;hsk1
shǎo;少;few;hsk1
zuò;做;to make;hsk1
chǎng;场;site;hsk1
qī;期;period of time;hsk1
lù;路;road;hsk1
shī;师;teacher;hsk1
shāng;商;salesman;hsk1
bǎi;百;hundred;hsk1
gēn;跟;heel;hsk1
zhàn;站;station;hsk1
rè;热;hot;hsk1
zuò;坐;to sit;hsk1
nǎo;脑;brain;hsk1
sòng;送;to deliver;hsk1
lěng;冷;cold;hsk1
bāng;帮;to help;hsk1
dì;弟;younger brother;hsk1
máng;忙;busy;hsk1
fàn;饭;meal;hsk1
hē;喝;to drink;hsk1
diàn;店;store;hsk1
yè;页;page;hsk1
qì;汽;steam;hsk1
líng;零;zero;hsk1
kě;渴;thirsty;hsk1
dào;到;to arrive;hsk1
shuō;说;to speak;hsk1
nián;年;year;hsk1
dào;道;way;hsk1
qǐ;起;to begin;hsk1
qián;前;in front;hsk1
dì;第;ordinal number;hsk1
zhī;知;to know;hsk1
děng;等;etc;hsk1
huà;话;talk;hsk1
lǎo;老;old age;hsk1
xiān;先;before;hsk1
zhēn;真;true;hsk1
gào;告;to declare;hsk1
jué;觉;senses;hsk1
kuài;快;fast;hsk1
yī;医;doctor;hsk1
kǎo;考;exam;hsk1
fáng;房;house;hsk1
dá;答;to answer;hsk1
jīng;京;capital;hsk1
qiú;球;ball;hsk1
jià;假;vacation;hsk1
ná;拿;to hold;hsk1
nín;您;thou;hsk1
chuān;穿;to wear;hsk1
kuài;块;lump;hsk1
xiè;谢;to thank;hsk1
piào;票;ticket;hsk1
páng;旁;side;hsk1
è;饿;to be hungry;hsk1
dōu;都;all;hsk1
cháng;常;often;hsk1
jiào;教;to teach;hsk1
xì;系;department;hsk1
nán;南;south;hsk1
yuàn;院;courtyard;hsk1
bìng;病;illness;hsk1
kè;客;guest;hsk1
qián;钱;coin;hsk1
dú;读;to read;hsk1
màn;慢;slow;hsk1
pǎo;跑;to run;hsk1
shuì;睡;to sleep;hsk1
guǎn;馆;building;hsk1
gē;歌;song;hsk1
shào;绍;to connect;hsk1
xǐ;洗;to wash;hsk1
lèi;累;tired;hsk1
zhòng;重;heavy;hsk1
gěi;给;to give;hsk1
hòu;候;to wait;hsk1
yǐng;影;shadow;hsk1
cuò;错;mistake;hsk1
guì;贵;expensive;hsk1
jiù;就;at once;hsk1
ér;而;and;hsk2
xīn;心;heart;hsk2
lì;力;power;hsk2
yòu;又;again;hsk2
yè;业;profession;hsk2
jǐ;己;self;hsk2
rù;入;to enter;hsk2
cái;才;genius;hsk2
mù;目;eye;hsk2
wáng;王;king;hsk2
piàn;片;slice;hsk2
niǎo;鸟;bird;hsk2
jīn;斤;Chinese pound;hsk2
yú;于;in;hsk2
fā;发;to send out;hsk2
rú;如;to be like;hsk2
dāng;当;to work as;hsk2
yīn;因;cause;hsk2
zhǐ;只;only;hsk2
cháng;长;long;hsk2
gōng;公;public;hsk2
yǐ;已;already;hsk2
quán;全;whole;hsk2
xiāng;相;one another;hsk2
lì;利;profit;hsk2
jiā;加;to add;hsk2
shēng;声;voice;hsk2
chù;处;location;hsk2
wù;务;tasks;hsk2
bì;必;certainly;hsk2
jì;计;to calculate;hsk2
xǔ;许;to permit;hsk2
duì;队;team;hsk2
sī;思;consider;hsk2
sè;色;color;hsk2
gāi;该;should;hsk2
wàn;万;ten thousand;hsk2
qǔ;取;to take;hsk2
gǎi;改;to alter;hsk2
shōu;收;to receive;hsk2
bàn;办;to manage;hsk2
jìn;近;near;hsk2
guǎng;广;extensive;hsk2
qīng;青;green;hsk2
suī;虽;although;hsk2
tuī;推;to push;hsk2
jié;节;festival;hsk2
jiǎng;讲;to lecture;hsk2
kè;刻;to carve;hsk2
yuè;乐;music;hsk2
pǔ;普;universal;hsk2
jiǔ;久;long time;hsk2
yìn;印;to print;hsk2
yáng;阳;positive;hsk2
pái;排;row;hsk2
jiǔ;酒;alcohol;hsk2
wén;闻;to hear;hsk2
tǎo;讨;to discuss;hsk2
hū;忽;to neglect;hsk2
chūn;春;springtime;hsk2
lǐ;礼;ceremony;hsk2
bǐ;笔;pen;hsk2
yīn;阴;negative;hsk2
xuě;雪;snow;hsk2
nòng;弄;to play with;hsk2
yì;亿;one hundred million;hsk2
dēng;灯;lamp;hsk2
qiū;秋;autumn;hsk2
mò;末;last;hsk2
dōng;冬;winter;hsk2
pá;爬;to climb;hsk2
wèi;为;act;hsk2
yǐ;以;to use;hsk2
kě;可;can;hsk2
zì;自;self;hsk2
suǒ;所;place;hsk2
zhǔ;主;master;hsk2
yóu;由;up to;hsk2
yīng;应;should;hsk2
tóu;头;head;hsk2
biǎo;表;surface;hsk2
wèi;位;position;hsk2
lùn;论;theory;hsk2
píng;平;level;hsk2
gèng;更;more;hsk2
shù;数;number;hsk2
bào;报;report;hsk2
shòu;受;to accept;hsk2
sī;司;to take charge of;hsk2
yǎn;眼;eye;hsk2
qiě;且;moreover;hsk2
jiāo;交;to mingle;hsk2
lā;拉;to pull;hsk2
qīng;清;pure;hsk2
yán;言;words;hsk2
suàn;算;to calculate;hsk2
qīng;轻;light;hsk2
cān;参;to participate;hsk2
huà;划;to divide;hsk2
tài;态;attitude;hsk2
liú;留;to stay;hsk2
jǔ;举;to lift up;hsk2
qiān;千;thousand;hsk2
chuán;船;ship;hsk2
gāng;刚;just now;hsk2
yún;云;cloud;hsk2
jù;句;sentence;hsk2
jiǎo;角;horn;hsk2
zhān;占;fortune;hsk2
fèn;份;portion;hsk2
bèi;背;back;hsk2
yǒng;永;eternity;hsk2
wèi;味;flavor;hsk2
wēn;温;temperature;hsk2
huà;画;drawing;hsk2
jīng;睛;eyeball;hsk2
jiàn;健;healthy;hsk2
yíng;迎;to greet;hsk2
nǔ;努;to toil;hsk2
tào;套;cover;hsk2
tǐng;挺;to erect;hsk2
qíng;晴;sunny;hsk2
wèi;喂;hello;hsk2
qí;其;theirs;hsk2
dàn;但;however;hsk2
tā;它;it;hsk2
shǐ;使;to use;hsk2
xiàng;向;orientation;hsk2
huò;或;or;hsk2
xìn;信;faith;hsk2
dù;度;degrees;hsk2
hǎi;海;sea;hsk2
tōng;通;to communicate;hsk2
biàn;变;to change;hsk2
ān;安;peaceful;hsk2
jiē;接;to welcome;hsk2
shì;市;market;hsk2
zhí;直;straight;hsk2
kè;克;to overcome;hsk2
biàn;便;convenient;hsk2
kē;科;academic discipline;hsk2
guān;观;to observe;hsk2
ràng;让;to yield;hsk2
yùn;运;to carry;hsk2
wǎng;往;toward;hsk2
yīng;英;England;hsk2
dān;单;list;hsk2
fù;复;to return;hsk2
zhuāng;装;attire;hsk2
hù;护;to protect;hsk2
yīn;音;sound;hsk2
duàn;段;section;hsk2
gù;故;deliberately;hsk2
hé;河;river;hsk2
dī;低;low;hsk2
zhù;助;to assist;hsk2
yù;育;education;hsk2
bān;般;sort;hsk2
jí;急;anxious;hsk2
céng;层;story;hsk2
kǎ;卡;card;hsk2
jìng;静;quiet;hsk2
cǎo;草;grass;hsk2
yú;鱼;fish;hsk2
kāng;康;health;hsk2
bǎn;板;board;hsk2
tíng;庭;courtyard;hsk2
yóu;油;oil;hsk2
cí;词;word;hsk2
yuán;园;park;hsk2
xìng;姓;surname;hsk2
zán;咱;we;hsk2
gǒu;狗;dog;hsk2
tuǐ;腿;leg;hsk2
pèng;碰;to bump;hsk2
chuī;吹;to blow;hsk2
zū;租;to rent;hsk2
māo;猫;cat;hsk2
píng;瓶;bottle;hsk2
zǎo;澡;bath;hsk2
rán;然;so;hsk2
chéng;成;to turn into;hsk2
fǎ;法;method;hsk2
bù;部;part;hsk2
yì;意;idea;hsk2
qíng;情;feeling;hsk2
wù;物;thing;hsk2
hé;合;to fit;hsk2
tí;提;to bring up;hsk2
jiàn;件;piece;hsk2
qiú;求;to request;hsk2
gòng;共;together;hsk2
dài;带;sash;hsk2
shì;示;to show;hsk2
zhào;照;to illuminate;hsk2
chēng;称;name;hsk2
chá;查;to investigate;hsk2
suí;随;to let;hsk2
hóng;红;red;hsk2
xiǎng;响;echo;hsk2
shí;食;food;hsk2
ā;啊;aah;hsk2
liàng;亮;shiny;hsk2
diào;掉;to drop;hsk2
chǔ;楚;clear;hsk2
fēng;封;to seal;hsk2
hú;湖;lake;hsk2
lǚ;旅;to travel;hsk2
jiè;借;to borrow;hsk2
piān;篇;piece of writing;hsk2
biàn;遍;everywhere;hsk2
diǎn;典;canon;hsk2
jiē;街;street;hsk2
xià;夏;summer;hsk2
kū;哭;to cry;hsk2
chén;晨;morning;hsk2
jiǎo;饺;dumpling;hsk2
jīng;经;to pass through;hsk2
dìng;定;to set;hsk2
lǐ;理;logic;hsk2
shí;实;reality;hsk2
zhě;者;one who;hsk2
huó;活;to live;hsk2
jié;结;to tie;hsk2
kōng;空;empty;hsk2
xiàng;像;to resemble;hsk2
wán;完;to finish;hsk2
què;确;authentic;hsk2
zǔ;组;group;hsk2
liú;流;to flow;hsk2
jì;际;border;hsk2
xū;须;to have to;hsk2
zhōu;周;week;hsk2
hēi;黑;black;hsk2
gòu;够;enough;hsk2
lì;例;example;hsk2
huáng;黄;yellow;hsk2
liǎn;脸;face;hsk2
pà;怕;to dread;hsk2
shì;适;suitable;hsk2
yè;夜;night;hsk2
shěng;省;to economize;hsk2
tíng;停;to halt;hsk2
yóu;游;to swim;hsk2
jiǎn;检;to examine;hsk2
yín;银;silver;hsk2
yǎng;养;to raise;hsk2
jiǎo;脚;foot;hsk2
huàn;换;to exchange;hsk2
duǎn;短;short;hsk2
shùn;顺;smooth;hsk2
mài;卖;to sell;hsk2
zhǐ;纸;paper;hsk2
lán;蓝;blue;hsk2
qiáng;墙;wall;hsk2
yí;宜;suitable;hsk2
liàng;辆;vehicle;hsk2
qí;骑;to ride;hsk2
zàng;脏;internal organs;hsk2
yǐ;椅;chair;hsk2
téng;疼;to hurt;hsk2
bǎo;饱;sated;hsk2
lán;篮;basket;hsk2
tè;特;special;hsk2
liàng;量;quantity;hsk2
jí;级;rank;hsk2
lí;离;to leave;hsk2
mǎn;满;full;hsk2
xuǎn;选;to choose;hsk2
dǎo;倒;to topple;hsk2
kào;靠;to lean on;hsk2
zuò;座;seat;hsk2
gù;顾;to look back;hsk2
zhōng;钟;bell;hsk2
táng;堂;hall;hsk2
zuǐ;嘴;mouth;hsk2
lǜ;绿;green;hsk2
guàn;惯;accustomed;hsk2
shū;舒;to relax;hsk2
piāo;漂;to float;hsk2
liáng;凉;cool;hsk2
xié;鞋;shoes;hsk2
kuài;筷;chopsticks;hsk2
yuán;原;original;hsk2
tí;题;topic;hsk2
gǎn;感;to feel;hsk2
yào;药;medicine;hsk2
shì;室;room;hsk2
chāo;超;super;hsk2
tiě;铁;iron;hsk2
liàn;练;to practice;hsk2
shú;熟;ripe;hsk2
hǎn;喊;to yell;hsk2
jì;绩;accomplishment;hsk2
yuè;越;to pass;hsk2
yuàn;愿;to wish;hsk2
cān;餐;meal;hsk2
yán;颜;countenance;hsk2
wǎn;碗;bowl;hsk2
dǒng;懂;to understand;hsk2
shì;世;generation;hsk3
mǔ;母;mother;hsk3
shuāng;双;pair;hsk3
fù;父;father;hsk3
zhǐ;止;to stop;hsk3
mù;木;tree;hsk3
hù;互;mutual;hsk3
chǎng;厂;factory;hsk3
qí;齐;neat;hsk3
dāo;刀;sword;hsk3
fēng;丰;plentiful;hsk3
bǎ;把;to grasp;hsk3
dài;代;substitute;hsk3
nèi;内;within;hsk3
huà;化;to transform;hsk3
rèn;任;to appoint;hsk3
lì;立;to stand;hsk3
yì;义;justice;hsk3
jiàn;建;to build;hsk3
qū;区;region;hsk3
dá;达;to attain;hsk3
shì;式;style;hsk3
pǐn;品;goods;hsk3
lèi;类;kind;hsk3
qiē;切;to cut;hsk3
zhēng;争;to contend;hsk3
jì;济;to aid;hsk3
cún;存;to exist;hsk3
tái;台;platform;hsk3
tuán;团;group;hsk3
jí;集;to gather;hsk3
xū;需;to need;hsk3
gōng;功;achievement;hsk3
yì;易;easy;hsk3
xiǎn;显;obvious;hsk3
lǐ;李;plum;hsk3
lì;历;to experience;hsk3
lìng;另;another;hsk3
jǐn;仅;merely;hsk3
zhì;志;aspiration;hsk3
cǎi;采;to pick;hsk3
réng;仍;still;hsk3
fǒu;否;to negate;hsk3
xuè;血;blood;hsk3
chū;初;beginning;hsk3
wèi;卫;to defend;hsk3
huán;环;ring;hsk3
cūn;村;village;hsk3
pèi;配;to distribute;hsk3
xiāng;香;fragrant;hsk3
yì;艺;art;hsk3
zá;杂;miscellaneous;hsk3
kùn;困;trapped;hsk3
jiù;旧;old;hsk3
bǔ;补;to patch;hsk3
cái;材;material;hsk3
zhuā;抓;to grab;hsk3
xùn;训;instruction;hsk3
mí;迷;lost;hsk3
dìng;订;to order;hsk3
qiǎo;巧;skillful;hsk3
yáng;羊;sheep;hsk3
shān;衫;shirt;hsk3
fēi;啡;coffee;hsk3
kā;咖;coffee;hsk3
chèn;衬;lining;hsk3
zhī;汁;juice;hsk3
mín;民;people;hsk3
cǐ;此;this;hsk3
bìng;并;to combine;hsk3
měi;美;beautiful;hsk3
chǎn;产;products;hsk3
jí;及;to reach;hsk3
gè;各;each;hsk3
shén;神;god;hsk3
zǒng;总;overall;hsk3
fǎn;反;opposite;hsk3
xíng;形;shape;hsk3
qiáng;强;strong;hsk3
zhāng;张;to stretch;hsk3
shù;术;art;hsk3
dǎo;导;to guide;hsk3
gēn;根;root;hsk3
měi;每;every;hsk3
qīn;亲;relative;hsk3
yì;议;to discuss;hsk3
fū;夫;husband;hsk3
shǐ;始;to start;hsk3
lián;连;one after another;hsk3
huá;华;China;hsk3
shí;石;stone;hsk3
duàn;断;to break;hsk3
jīng;精;essence;hsk3
zhī;支;branch;hsk3
nóng;农;agriculture;hsk3
tán;谈;to discuss;hsk3
zhuān;专;special;hsk3
jìn;尽;to exhaust;hsk3
gǔ;古;ancient;hsk3
zhòng;众;crowd;hsk3
tǔ;土;soil;hsk3
mǒu;某;certain;hsk3
zú;足;lower leg;hsk3
pài;派;faction;hsk3
pī;批;to criticize;hsk3
wéi;围;to surround;hsk3
zhí;职;job;hsk3
shāng;伤;wound;hsk3
fàn;范;model;hsk3
jiǎn;简;simple;hsk3
tuì;退;to retreat;hsk3
jī;积;to accumulate;hsk3
gǎn;敢;to dare;hsk3
fù;付;to pay;hsk3
wēi;危;danger;hsk3
jià;架;shelf;hsk3
lù;录;to record;hsk3
xiāng;乡;countryside;hsk3
yān;烟;smoke;hsk3
shù;束;bundle;hsk3
xì;戏;drama;hsk3
wěi;伟;great;hsk3
cǎi;彩;color;hsk3
qìng;庆;to celebrate;hsk3
xiāng;箱;box;hsk3
tāng;汤;soup;hsk3
jiāo;蕉;banana;hsk3
zhǒng;种;species;hsk3
jiàng;将;General;hsk3
hé;何;what;hsk3
jīn;金;gold;hsk3
zhǐ;指;finger;hsk3
bǎo;保;to protect;hsk3
shè;社;society;hsk3
jué;决;to decide;hsk3
guāng;光;ray;hsk3
shè;设;to establish;hsk3
chéng;程;procedure;hsk3
gé;格;pattern;hsk3
wàng;望;to expect;hsk3
chuán;传;to pass on;hsk3
jí;极;extreme;hsk3
zhèng;证;evidence;hsk3
shī;失;to lose;hsk3
zhuǎn;转;to turn;hsk3
bù;布;cloth;hsk3
jù;具;tool;hsk3
kuàng;况;situation;hsk3
jì;技;skill;hsk3
sì;似;similar;hsk3
xiāo;消;to disappear;hsk3
céng;曾;former;hsk3
jiào;较;to compare;hsk3
zhù;注;to pour;hsk3
wǔ;武;military;hsk3
zé;责;responsibility;hsk3
yíng;营;camp;hsk3
fáng;防;to guard against;hsk3
xiào;效;effect;hsk3
shǔ;属;to belong to;hsk3
sù;速;quick;hsk3
zhuàng;状;form;hsk3
kǔ;苦;bitter;hsk3
chuàng;创;to create;hsk3
chōng;充;sufficient;hsk3
fù;负;to carry on the back;hsk3
lóng;龙;dragon;hsk3
xiū;修;to repair;hsk3
shèng;胜;victory;hsk3
zhuī;追;to chase;hsk3
gài;概;approximate;hsk3
píng;评;to criticize;hsk3
lì;丽;beautiful;hsk3
shēng;升;to rise;hsk3
hūn;婚;marriage;hsk3
gū;姑;paternal aunt;hsk3
chǔ;础;foundation;hsk3
fǎng;访;to visit;hsk3
má;麻;hemp;hsk3
pāi;拍;to pat;hsk3
bì;币;currency;hsk3
mào;冒;to risk;hsk3
méi;媒;matchmaker;hsk3
zhù;祝;to wish well;hsk3
yóu;邮;post;hsk3
kù;裤;trousers;hsk3
píng;苹;apple;hsk3
yǒng;泳;to swim;hsk3
yuán;员;member;hsk3
zhì;至;until;hsk3
zhǎn;展;to unfold;hsk3
jiè;界;world;hsk3
xiàng;象;elephant;hsk3
jù;据;evidence;hsk3
sǐ;死;death;hsk3
lián;联;to unite;hsk3
shēn;深;deep;hsk3
jià;价;price;hsk3
qì;器;utensil;hsk3
niàn;念;to miss;hsk3
shǒu;首;head;hsk3
luò;落;to fall;hsk3
shì;势;force;hsk3
xī;希;to hope;hsk3
zhāng;章;chapter;hsk3
dǐ;底;bottom;hsk3
qí;奇;strange;hsk3
àn;按;to press;hsk3
hài;害;to harm;hsk3
jì;纪;era;hsk3
cháo;朝;dynasty;hsk3
zhí;值;value;hsk3
fú;福;happiness;hsk3
pàn;判;to judge;hsk3
pí;皮;skin;hsk3
jiān;坚;firm;hsk3
shàn;善;virtuous;hsk3
yā;压;pressure;hsk3
yōu;优;excellent;hsk3
sàn;散;to disperse;hsk3
niáng;娘;mom;hsk3
kǒng;恐;to fear;hsk3
jù;剧;drama;hsk3
tiào;跳;to jump;hsk3
làng;浪;wave;hsk3
guà;挂;to hang;hsk3
pái;牌;brand;hsk3
bō;播;to broadcast;hsk3
nuǎn;暖;warm;hsk3
táng;糖;sugar;hsk3
bān;搬;to relocate;hsk3
pàng;胖;fat;hsk3
qún;裙;skirt;hsk3
pí;啤;beer;hsk3
xìng;性;nature;hsk3
bèi;被;quilt;hsk3
guǎn;管;pipe;hsk3
mìng;命;life;hsk3
guī;规;regulations;hsk3
chí;持;to support;hsk3
biāo;标;mark;hsk3
yàn;验;to check;hsk3
zhōng;终;end;hsk3
jué;绝;to cut off;hsk3
qún;群;crowd;hsk3
yù;预;in advance;hsk3
jì;继;to continue;hsk3
xiǎn;险;dangerous;hsk3
dài;待;to treat;hsk3
hā;哈;haha;hsk3
luàn;乱;chaos;hsk3
liè;烈;intense;hsk3
shā;沙;sand;hsk3
wù;误;error;hsk3
wū;屋;house;hsk3
jiù;救;to rescue;hsk3
quē;缺;to lack;hsk3
xìng;幸;fortunate;hsk3
gǎn;赶;to hurry;hsk3
wǔ;舞;dance;hsk3
fán;烦;annoyed;hsk3
chǎo;吵;noisy;hsk3
zī;资;assets;hsk3
jī;基;base;hsk3
bù;步;footstep;hsk3
zào;造;to create;hsk3
diào;调;tune;hsk3
zhěng;整;entire;hsk3
yuē;约;to make an appointment;hsk3
xiàn;线;line;hsk3
zēng;增;to increase;hsk3
tū;突;suddenly;hsk3
fèi;费;expense;hsk3
tòng;痛;to ache;hsk3
fù;富;wealthy;hsk3
xuān;宣;to proclaim;hsk3
guài;怪;strange;hsk3
jǐng;景;scenery;hsk3
wò;握;to hold;hsk3
zhū;猪;pig;hsk3
tián;甜;sweet;hsk3
zhì;制;system;hsk3
jiě;解;to untie;hsk3
lǐng;领;collar;hsk3
chéng;城;city;hsk3
chú;除;to eliminate;hsk3
jǐn;紧;tight;hsk3
pò;破;to break;hsk3
yǎn;演;to perform;hsk3
shū;输;to transport;hsk3
sài;赛;competition;hsk3
qiáo;桥;bridge;hsk3
zú;族;clan;hsk3
xù;续;to continue;hsk3
jìng;境;boundary;hsk3
jǐng;警;police;hsk3
dùn;顿;to pause;hsk3
róng;容;to contain;hsk3
yíng;赢;to win;hsk3
chá;察;to examine;hsk3
zhī;之;of;hsk4
yǔ;与;offer;hsk4
shì;士;soldier;hsk4
bā;巴;crust;hsk4
ěr;耳;ear;hsk4
jù;巨;gigantic;hsk4
yá;牙;tooth;hsk4
chóng;虫;insects;hsk4
dòu;豆;beans;hsk4
cùn;寸;Chinese inch;hsk4
wú;无;nothing;hsk4
quán;权;authority;hsk4
lín;林;woods;hsk4
wèi;未;not yet;hsk4
yà;亚;Asia;hsk4
qǐ;企;to tiptoe;hsk4
shǐ;史;history;hsk4
yǐn;引;to draw;hsk4
lǜ;律;law;hsk4
jiāng;江;river;hsk4
dú;独;alone;hsk4
yì;益;benefit;hsk4
léi;雷;thunder;hsk4
zhèn;阵;battle formation;hsk4
dēng;登;to mount;hsk4
yè;叶;leaf;hsk4
yā;呀;exclamation;hsk4
fù;妇;married woman;hsk4
guī;归;to return;hsk4
zhú;逐;to pursue;hsk4
xún;寻;to seek;hsk4
juàn;卷;scroll;hsk4
ruò;弱;weak;hsk4
huǒ;伙;companion;hsk4
pán;盘;tray;hsk4
shēn;申;to express;hsk4
shǎn;闪;flash;hsk4
shòu;售;to sell;hsk4
zhé;折;to break;hsk4
xiù;秀;elegant;hsk4
huì;汇;to converge;hsk4
bì;闭;close;hsk4
fèn;奋;to exert;hsk4
lèi;泪;tears;hsk4
jì;季;season;hsk4
wěi;尾;tail;hsk4
gé;隔;to separate;hsk4
sǎo;扫;to sweep;hsk4
chǐ;尺;ruler;hsk4
féi;肥;fat;hsk4
shài;晒;to bask;hsk4
zhì;治;to govern;hsk4
jí;即;immediately;hsk4
hū;乎;oh;hsk4
gòu;构;to construct;hsk4
yán;严;strict;hsk4
yī;依;to depend on;hsk4
dǒu;斗;measuring cup;hsk4
xiàn;限;limit;hsk4
lù;陆;land;hsk4
jì;既;since;hsk4
jiàng;降;to descend;hsk4
chén;沉;to sink;hsk4
miǎn;免;to avoid;hsk4
è;恶;evil;hsk4
hù;户;door;hsk4
xù;序;order;hsk4
jiàn;渐;gradually;hsk4
sōng;松;pine;hsk4
mì;秘;secret;hsk4
wèi;谓;to call;hsk4
zé;择;to choose;hsk4
yù;玉;jade;hsk4
sēn;森;forest;hsk4
gǔ;骨;bone;hsk4
kuò;扩;to enlarge;hsk4
gài;盖;lid;hsk4
bīng;冰;ice;hsk4
qī;妻;wife;hsk4
tòu;透;to penetrate;hsk4
yáng;扬;to hoist;hsk4
xiōng;兄;elder brother;hsk4
xùn;迅;rapid;hsk4
bì;毕;to complete;hsk4
lún;轮;wheel;hsk4
bèi;贝;shellfish;hsk4
yì;译;to translate;hsk4
zhào;召;to summon;hsk4
hòu;厚;thick;hsk4
chè;彻;thorough;hsk4
zhàng;丈;Chinese yard;hsk4
dàn;淡;mild;hsk4
tiāo;挑;to select;hsk4
jìn;劲;energy;hsk4
quān;圈;circle;hsk4
chí;迟;late;hsk4
yāo;腰;waist;hsk4
yòu;幼;young;hsk4
shī;湿;wet;hsk4
guā;瓜;melon;hsk4
liáo;聊;to chat;hsk4
kē;棵;plant;hsk4
sǎn;伞;umbrella;hsk4
jīn;巾;towel;hsk4
bèn;笨;stupid;hsk4
wà;袜;socks;hsk4
zhèng;政;politics;hsk4
zé;则;rule;hsk4
bīng;兵;troops;hsk4
ā;阿;pet name;hsk4
jú;局;bureau;hsk4
tóu;投;to throw;hsk4
liào;料;material;hsk4
chéng;承;to undertake;hsk4
shù;述;to narrate;hsk4
jū;居;to reside;hsk4
cái;财;riches;hsk4
chōng;冲;to charge;hsk4
dān;担;to carry on the shoulder;hsk4
zhēng;征;expedition;hsk4
huī;挥;to brandish;hsk4
huái;怀;to cherish;hsk4
háng;航;to navigate;hsk4
shǒu;守;to guard;hsk4
liáng;良;good;hsk4
lín;临;to overlook;hsk4
hū;呼;to shout;hsk4
bài;败;to fail;hsk4
mèng;梦;dream;hsk4
xiàn;县;county;hsk4
shàng;尚;to esteem;hsk4
yí;移;to shift;hsk4
gù;固;solid;hsk4
fù;附;to attach;hsk4
xī;吸;to inhale;hsk4
zhāo;招;to beckon;hsk4
shòu;授;to confer;hsk4
sūn;孙;grandchild;hsk4
pò;迫;to compel;hsk4
níng;宁;peaceful;hsk4
tì;替;to replace;hsk4
cù;促;to urge;hsk4
yán;延;to prolong;hsk4
cāo;操;to exercise;hsk4
zǔ;阻;to block;hsk4
chōu;抽;to take out;hsk4
jù;距;distance;hsk4
fú;符;symbol;hsk4
yǒng;勇;courageous;hsk4
jiǎng;奖;award;hsk4
miáo;描;to describe;hsk4
dài;袋;bag;hsk4
yìng;映;to reflect;hsk4
mǎ;码;number;hsk4
cū;粗;coarse;hsk4
suān;酸;sour;hsk4
nóng;浓;concentrated;hsk4
wān;弯;curved;hsk4
qiǎn;浅;shallow;hsk4
dù;肚;belly;hsk4
zhǐ;址;address;hsk4
shuài;帅;commander;hsk4
yí;姨;maternal aunt;hsk4
guǒ;裹;to wrap;hsk4
guàng;逛;to stroll;hsk4
zhàn;战;war;hsk4
què;却;to withdraw;hsk4
zhì;质;quality;hsk4
fǔ;府;government office;hsk4
guān;官;bureaucrat;hsk4
yán;研;to research;hsk4
liè;列;to line up;hsk4
àn;案;case;hsk4
wéi;维;to maintain;hsk4
shī;施;to carry out;hsk4
xì;细;fine;hsk4
lǜ;率;rate;hsk4
shèn;甚;tremendously;hsk4
wēi;微;tiny;hsk4
zhì;置;to set up;hsk4
huò;获;to seize;hsk4
mó;模;to imitate;hsk4
jiē;阶;steps;hsk4
bǎo;宝;treasure;hsk4
shì;释;to explain;hsk4
huò;货;commodities;hsk4
àn;暗;dark;hsk4
cè;测;to measure;hsk4
háo;毫;one thousandth;hsk4
yù;遇;to encounter;hsk4
lǜ;虑;to ponder;hsk4
jūn;均;equal;hsk4
hán;含;to keep;hsk4
yáo;摇;to shake;hsk4
liáo;疗;to cure;hsk4
fān;翻;to turn over;hsk4
wěn;稳;stable;hsk4
xǐng;醒;to awaken;hsk4
gòu;购;to purchase;hsk4
zhēn;针;needle;hsk4
bào;抱;to embrace;hsk4
zhí;植;plant;hsk4
cuò;措;to arrange;hsk4
shāo;烧;to burn;hsk4
bàn;伴;partner;hsk4
liáng;粮;provisions;hsk4
nào;闹;to make noise;hsk4
biàn;辩;to dispute;hsk4
xiōng;胸;chest;hsk4
mō;摸;to grope;hsk4
kuàng;矿;mine;hsk4
bèi;倍;times;hsk4
láng;郎;young man;hsk4
quán;泉;spring;hsk4
liàn;炼;to smelt;hsk4
shuā;刷;to brush;hsk4
yán;盐;salt;hsk4
lā;垃;garbage;hsk4
jiū;究;to research;hsk4
dí;敌;enemy;hsk4
zhì;致;to deliver;hsk4
gōng;供;to supply;hsk4
xíng;型;mold;hsk4
xiàng;项;item;hsk4
mì;密;secret;hsk4
jìng;竟;actually;hsk4
kuò;括;to include;hsk4
xí;席;mat;hsk4
shī;诗;poem;hsk4
tuō;脱;to take off;hsk4
xiān;鲜;fresh;hsk4
dǐng;顶;top;hsk4
cì;刺;thorn;hsk4
yuán;圆;round;hsk4
chéng;诚;sincere;hsk4
bǎi;摆;to arrange;hsk4
fēn;纷;disorderly;hsk4
hán;寒;cold;hsk4
cháo;潮;tide;hsk4
jù;聚;to assemble;hsk4
qióng;穷;poor;hsk4
tiē;贴;to paste;hsk4
yuè;阅;to read;hsk4
dì;递;to hand over;hsk4
rán;燃;to ignite;hsk4
liǎ;俩;duo;hsk4
tī;梯;ladder;hsk4
mào;帽;hat;hsk4
chāo;抄;to copy;hsk4
lí;厘;fraction;hsk4
jī;圾;garbage;hsk4
shǔ;暑;heat;hsk4
tǒng;统;to unite;hsk4
yú;余;surplus;hsk4
zhe;著;to continue;hsk4
zhì;智;wisdom;hsk4
xiāo;销;to spend;hsk4
zài;载;to carry;hsk4
jìn;禁;to prohibit;hsk4
qù;趣;interest;hsk4
luò;络;net;hsk4
péi;培;to cultivate;hsk4
kuān;宽;wide;hsk4
tóng;童;child;hsk4
pó;婆;old woman;hsk4
bó;薄;slight;hsk4
shǎng;赏;reward;hsk4
tián;填;to fill in;hsk4
ǎi;矮;short;hsk4
dǔ;堵;to block up;hsk4
là;辣;spicy hot;hsk4
xián;咸;salty;hsk4
jīng;惊;to startle;hsk4
jī;激;to excite;hsk4
jiǎn;减;to reduce;hsk4
biān;编;to compile;hsk4
bì;避;to evade;hsk4
chuāng;窗;window;hsk4
tú;途;route;hsk4
huǎn;缓;unhurried;hsk4
chún;纯;pure;hsk4
shū;殊;different;hsk4
sú;俗;customs;hsk4
shū;叔;uncle;hsk4
qū;趋;to hasten;hsk4
fǔ;腐;rotten;hsk4
tǎng;躺;to lie down;hsk4
jì;寄;to mail;hsk4
sù;塑;plastic;hsk4
duàn;锻;to forge;hsk4
yuán;源;source;hsk4
yí;遗;to leave behind;hsk4
mò;默;silent;hsk4
zàn;赞;to praise;hsk4
yí;疑;to doubt;hsk4
jìng;镜;mirror;hsk4
dài;戴;to put on;hsk4
suō;缩;to shrink;hsk4
zōng;综;to sum up;hsk4
cā;擦;to scrub;hsk4
jiǎ;甲;armor;hsk5
cè;册;booklet;hsk5
zhú;竹;bamboo;hsk5
yǔ;羽;feathers;hsk5
yǐ;乙;second;hsk5
chǒu;丑;clown;hsk5
jī;击;to beat;hsk5
wěi;委;committee;hsk5
shā;杀;to kill;hsk5
tuō;托;to entrust;hsk5
hé;核;nucleus;hsk5
kěn;肯;to agree;hsk5
dú;毒;poison;hsk5
sī;私;private;hsk5
yōng;拥;to embrace;hsk5
xī;析;to analyze;hsk5
wéi;唯;only;hsk5
bēi;悲;sad;hsk5
tīng;厅;hall;hsk5
huī;灰;ashes;hsk5
jù;拒;to refuse;hsk5
fá;乏;to lack;hsk5
nài;耐;to endure;hsk5
bèi;辈;lifetime;hsk5
hàn;汗;sweat;hsk5
xián;闲;leisure;hsk5
quàn;劝;to advise;hsk5
duǒ;朵;earlobe;hsk5
zǐ;仔;meticulous;hsk5
jǐ;挤;to squeeze;hsk5
shǔ;鼠;mouse;hsk5
chí;池;pool;hsk5
kuī;亏;loss;hsk5
yā;押;to pawn;hsk5
rēng;扔;to throw;hsk5
pǐ;匹;to match;hsk5
jī;肌;muscle;hsk5
wò;卧;to lie down;hsk5
wèi;胃;stomach;hsk5
guì;柜;cupboard;hsk5
xī;夕;evening;hsk5
chuǎng;闯;to rush;hsk5
yā;鸭;duck;hsk5
chàng;倡;to initiate;hsk5
chā;叉;fork;hsk5
sǎ;洒;to sprinkle;hsk5
ké;咳;to cough;hsk5
jūn;军;army;hsk5
xié;协;to cooperate;hsk5
yāng;央;center;hsk5
àn;岸;shore;hsk5
táo;逃;to escape;hsk5
xióng;雄;grand;hsk5
kù;库;warehouse;hsk5
zūn;尊;to respect;hsk5
rǎn;染;to dye;hsk5
kuáng;狂;crazy;hsk5
shēn;伸;to extend;hsk5
wéi;违;to violate;hsk5
fá;罚;to punish;hsk5
bài;拜;to pay respect;hsk5
chéng;乘;to ride;hsk5
dàn;旦;daybreak;hsk5
zhēn;珍;precious;hsk5
zàn;暂;temporary;hsk5
fàn;泛;nonspecific;hsk5
dāi;呆;fool;hsk5
lì;厉;stern;hsk5
jí;辑;to edit;hsk5
rùn;润;moist;hsk5
tái;抬;to lift;hsk5
dùn;盾;shield;hsk5
zhěn;诊;to diagnose;hsk5
shè;摄;to take a photo;hsk5
wū;污;filthy;hsk5
píng;凭;proof;hsk5
xiáng;详;detailed;hsk5
máo;矛;spear;hsk5
mà;骂;to scold;hsk5
shǐ;驶;to drive;hsk5
qiáo;瞧;to look at;hsk5
jiè;戒;to guard against;hsk5
jià;驾;to drive;hsk5
cāi;猜;to guess;hsk5
gōu;沟;ditch;hsk5
shòu;寿;longevity;hsk5
xún;询;to inquire;hsk5
yōu;幽;secluded;hsk5
jiān;艰;difficult;hsk5
táo;桃;peach;hsk5
zhēng;挣;struggle;hsk5
cháng;肠;intestines;hsk5
dǎng;挡;to block;hsk5
qiàn;欠;to owe;hsk5
bàn;扮;to dress up;hsk5
pén;盆;basin;hsk5
lòu;漏;to leak;hsk5
chāi;拆;to take apart;hsk5
yàn;艳;colorful;hsk5
chóu;愁;to worry;hsk5
chú;厨;kitchen;hsk5
bàng;棒;club;hsk5
pō;泼;to splash;hsk5
lí;梨;pear;hsk5
ěr;尔;thus;hsk5
lìng;令;orders;hsk5
gé;革;leather;hsk5
láo;劳;labor;hsk5
zhí;执;to clench;hsk5
hú;胡;recklessly;hsk5
bǎn;版;printing plate;hsk5
qiāng;枪;gun;hsk5
róng;荣;glory;hsk5
ruǎn;软;soft;hsk5
qū;曲;bent;hsk5
yóu;尤;remarkable;hsk5
qì;弃;to abandon;hsk5
rěn;忍;to endure;hsk5
chù;触;to touch;hsk5
xiǎng;享;to enjoy;hsk5
fǎng;仿;to imitate;hsk5
qǐ;启;to open;hsk5
gū;估;to estimate;hsk5
yì;忆;to recall;hsk5
zāi;灾;disaster;hsk5
dǎn;胆;gall bladder;hsk5
duī;堆;pile;hsk5
shāo;稍;a little;hsk5
qiǎng;抢;to rob;hsk5
jiān;肩;shoulder;hsk5
xī;悉;to know;hsk5
fǎn;返;to go back;hsk5
mǐn;敏;agile;hsk5
shèng;剩;to be left over;hsk5
xīn;辛;pungent;hsk5
liàn;恋;enamored;hsk5
xià;吓;to frighten;hsk5
lì;励;to encourage;hsk5
huá;滑;slippery;hsk5
bá;拔;to pull out;hsk5
sù;肃;solemn;hsk5
jiè;届;to fall due;hsk5
xīn;欣;happy;hsk5
yǐn;饮;beverage;hsk5
luó;逻;to patrol;hsk5
zūn;遵;to obey;hsk5
fú;扶;to support with the hand;hsk5
yàn;厌;to detest;hsk5
yuàn;怨;resentment;hsk5
tǔ;吐;to spit;hsk5
yǎo;咬;to bite;hsk5
cōng;聪;smart;hsk5
méi;煤;coal;hsk5
fū;肤;skin;hsk5
zhǎng;涨;to rise;hsk5
pīn;拼;to piece together;hsk5
cuì;脆;brittle;hsk5
chái;柴;firewood;hsk5
mián;眠;sleep;hsk5
shàn;扇;fan;hsk5
jiāo;胶;glue;hsk5
jiāo;郊;suburbs;hsk5
gāo;糕;cake;hsk5
dàn;弹;bullet;hsk5
shè;射;to shoot;hsk5
zhǎng;掌;palm;hsk5
dòng;洞;cave;hsk5
tǎn;坦;level;hsk5
guǐ;鬼;ghost;hsk5
xū;虚;void;hsk5
hǔ;虎;tiger;hsk5
mào;贸;trade;hsk5
jìng;竞;to compete;hsk5
zhèn;震;to quake;hsk5
zhù;筑;to construct;hsk5
zhèn;振;to vibrate;hsk5
mó;摩;to rub;hsk5
yóu;犹;just like;hsk5
lǎng;朗;bright;hsk5
zhū;珠;pearl;hsk5
hèn;恨;hate;hsk5
bí;鼻;nose;hsk5
ǒu;偶;idol;hsk5
huī;恢;to recover;hsk5
hú;糊;paste;hsk5
màn;漫;to overflow;hsk5
rǎo;扰;to harass;hsk5
chā;插;to insert;hsk5
piàn;骗;to deceive;hsk5
háo;豪;unrestrained;hsk5
huì;惠;favor;hsk5
gǔn;滚;to roll;hsk5
qín;勤;diligent;hsk5
dài;贷;loan;hsk5
diū;丢;to lose;hsk5
lín;邻;neighbor;hsk5
péi;陪;to accompany;hsk5
shé;蛇;serpent;hsk5
hè;贺;to congratulate;hsk5
dūn;吨;ton;hsk5
qín;琴;stringed instrument;hsk5
guān;冠;crown;hsk5
xióng;熊;bear;hsk5
làn;烂;rotten;hsk5
jiā;夹;press from both sides;hsk5
mò;漠;desert;hsk5
zuì;醉;to be drunk;hsk5
jù;俱;altogether;hsk5
fǔ;辅;to supplement;hsk5
chòu;臭;stench;hsk5
dòng;冻;to freeze;hsk5
táo;萄;grape;hsk5
pí;脾;spleen;hsk5
bǐng;饼;round flat cake;hsk5
tù;兔;rabbit;hsk5
shì;柿;persimmon;hsk5
dé;德;morals;hsk5
zhī;织;to weave;hsk5
sǔn;损;to damage;hsk5
bó;博;well-informed;hsk5
gǔ;鼓;drum;hsk5
gǎo;搞;to do;hsk5
yìng;硬;hard;hsk5
jìng;敬;to respect;hsk5
qiān;签;to sign;hsk5
bǐ;彼;the other;hsk5
shè;舍;hut;hsk5
qiāo;悄;quiet;hsk5
ài;碍;to obstruct;hsk5
jiàn;键;key;hsk5
sōu;搜;to search;hsk5
jí;籍;records;hsk5
shì;饰;ornaments;hsk5
gāng;钢;steel;hsk5
cháng;尝;taste;hsk5
nài;奈;to deal with;hsk5
duǒ;躲;dodge;hsk5
pēn;喷;to spurt;hsk5
bō;玻;glass;hsk5
xiē;歇;to rest;hsk5
huǐ;悔;repent;hsk5
lǎn;览;to look at;hsk5
fù;傅;master;hsk5
gāng;纲;guiding principle;hsk5
yù;豫;pleased;hsk5
shí;拾;to tidy up;hsk5
miǎo;秒;second;hsk5
pī;披;to drape over the shoulders;hsk5
hé;盒;small box;hsk5
pú;葡;grape;hsk5
shuāi;摔;to tumble;hsk5
kòng;控;to control;hsk5
yù;域;region;hsk5
mù;幕;curtain;hsk5
cháng;偿;to repay;hsk5
suì;碎;broken;hsk5
fú;幅;width of cloth;hsk5
kē;颗;grain;hsk5
xī;惜;to cherish;hsk5
fēng;疯;insane;hsk5
mào;貌;appearance;hsk5
lián;怜;to pity;hsk5
huāng;慌;to panic;hsk5
péi;赔;to compensate;hsk5
shǎ;傻;stupid;hsk5
zèng;赠;to gift;hsk5
yì;谊;friendship;hsk5
jiǎn;剪;scissors;hsk5
shuò;硕;big;hsk5
kǎo;烤;to roast;hsk5
róng;绒;down;hsk5
cái;裁;to cut out;hsk5
tōu;偷;to steal;hsk5
cí;辞;to resign;hsk5
rào;绕;to go around;hsk5
líng;龄;age;hsk5
bīn;宾;visitor;hsk5
zhuàng;撞;to bump into;hsk5
suǒ;锁;lock;hsk5
wèi;慰;to console;hsk5
qiāo;敲;to knock;hsk5
sù;宿;to stay overnight;hsk5
yāo;邀;to invite;hsk5
lí;璃;glass;hsk5
zāo;糟;messed up;hsk5
líng;铃;small bell;hsk5
zhāi;摘;to pluck;hsk5
guō;锅;pot;hsk5
hóu;猴;monkey;hsk5
lián;帘;curtain;hsk5
suǒ;索;rope;hsk5
kuǎn;款;funds;hsk5
bì;壁;wall;hsk5
zǐ;紫;purple;hsk5
shòu;瘦;thin;hsk5
shū;蔬;vegetable;hsk5
xiàn;献;to donate;hsk5
fán;繁;numerous;hsk5
xié;斜;slanting;hsk5
pín;频;frequency;hsk5
tián;田;rice field;hsk6
yǔ;予;bestow;hsk6
jǐng;井;well;hsk6
chāng;昌;prosperous;hsk6
gōng;攻;to attack;hsk6
zuì;罪;guilt;hsk6
líng;灵;spirit;hsk6
fàn;犯;criminal;hsk6
dǎo;岛;island;hsk6
jí;吉;lucky;hsk6
miè;灭;to extinguish;hsk6
wáng;亡;death;hsk6
zhà;炸;to blow up;hsk6
jié;杰;outstanding;hsk6
mài;麦;wheat;hsk6
duó;夺;to take by force;hsk6
róng;融;to melt;hsk6
kān;刊;publication;hsk6
tàn;叹;to sigh;hsk6
yán;炎;inflammation;hsk6
fèng;奉;to offer;hsk6
zhā;扎;prick;hsk6
zhuàng;壮;robust;hsk6
yǔn;允;to allow;hsk6
wǔ;伍;squad of five;hsk6
quàn;券;voucher;hsk6
pū;扑;to pounce on;hsk6
jiāo;焦;burnt;hsk6
kòu;扣;button;hsk6
hào;耗;to consume;hsk6
gān;肝;liver;hsk6
niǔ;扭;to twist;hsk6
guǐ;轨;rails;hsk6
gǎn;杆;shaft;hsk6
wàng;旺;prosperous;hsk6
zhōu;粥;porridge;hsk6
sū;苏;to revive;hsk6
ruò;若;as if;hsk6
yì;异;different;hsk6
yáng;洋;ocean;hsk6
ēn;恩;kindness;hsk6
fán;凡;ordinary;hsk6
zhé;哲;wise;hsk6
nù;怒;anger;hsk6
měng;猛;fierce;hsk6
méng;盟;alliance;hsk6
yán;沿;along;hsk6
xùn;讯;interrogate;hsk6
xiàn;陷;pitfall;hsk6
yí;仪;servant;hsk6
bēn;奔;to run quickly;hsk6
jìng;径;track;hsk6
yǎng;仰;to look up;hsk6
xiōng;凶;cruel;hsk6
huàn;幻;unreal;hsk6
fú;浮;to float;hsk6
fēng;峰;peak;hsk6
tuō;拖;to drag;hsk6
xié;胁;to coerce;hsk6
fěn;粉;powder;hsk6
ní;泥;mud;hsk6
huì;慧;intelligent;hsk6
jié;洁;clean;hsk6
hūn;昏;dusk;hsk6
hěn;狠;ruthless;hsk6
xiáng;祥;auspicious;hsk6
jūn;菌;fungus;hsk6
dàng;档;files;hsk6
gǎng;岗;hillock;hsk6
bō;拨;to allocate;hsk6
rǔ;乳;breast;hsk6
chuàn;串;skewer;hsk6
cāng;仓;storehouse;hsk6
máng;盲;blind;hsk6
pàn;盼;to hope for;hsk6
guǎi;拐;to turn;hsk6
juān;捐;to donate;hsk6
qú;渠;canal;hsk6
shuǎng;爽;refreshing;hsk6
hú;壶;kettle;hsk6
qié;茄;eggplant;hsk6
sháo;勺;ladle;hsk6
gǔ;股;thigh;hsk6
lüè;略;outline;hsk6
kàng;抗;to resist;hsk6
jiàn;舰;warship;hsk6
shèng;圣;holy;hsk6
nuò;诺;to promise;hsk6
gōng;宫;palace;hsk6
móu;谋;scheme;hsk6
zǔ;祖;ancestor;hsk6
qīn;侵;to invade;hsk6
dǐ;抵;to resist;hsk6
hùn;混;to mix;hsk6
méi;梅;plum;hsk6
la;啦;exclamation;hsk6
huàn;患;trouble;hsk6
zhù;驻;to be stationed;hsk6
jiān;尖;tip;hsk6
zhōng;忠;loyal;hsk6
gū;孤;orphan;hsk6
héng;衡;to weigh;hsk6
fèi;废;to discard;hsk6
fān;番;try;hsk6
zhī;枝;branch;hsk6
zòu;奏;to play music;hsk6
gòng;贡;to pay tribute;hsk6
qiān;迁;to change;hsk6
xiè;械;machinery;hsk6
xiù;袖;sleeve;hsk6
zhù;柱;pillar;hsk6
biǎn;扁;flat;hsk6
xún;循;to follow;hsk6
zhǒng;肿;swollen;hsk6
tūn;吞;to swallow;hsk6
zhuō;捉;to catch;hsk6
zhái;宅;dwelling;hsk6
píng;屏;screen;hsk6
lú;炉;stove;hsk6
diào;吊;to hang;hsk6
chàng;畅;smooth;hsk6
yūn;晕;dizzy;hsk6
gǒng;巩;to consolidate;hsk6
jiàng;酱;sauce;hsk6
dǎng;党;political party;hsk6
shěn;审;to examine;hsk6
huáng;皇;emperor;hsk6
fù;副;deputy;hsk6
fó;佛;Buddha;hsk6
jiān;监;to supervise;hsk6
wān;湾;bay;hsk6
pào;炮;firecracker;hsk6
duān;端;upright;hsk6
tàn;探;to seek out;hsk6
zhuāng;庄;village;hsk6
yǐn;隐;hidden;hsk6
méng;蒙;to cover;hsk6
qián;潜;to submerge;hsk6
yǔ;宇;eaves;hsk6
huǐ;毁;to destroy;hsk6
yuán;援;assist;hsk6
piān;偏;to lean;hsk6
cè;侧;side;hsk6
zhài;债;debt;hsk6
wū;乌;crow;hsk6
bà;罢;to cease;hsk6
bǔ;捕;to catch;hsk6
bāo;胞;placenta;hsk6
xiǎo;晓;dawn;hsk6
pín;贫;impoverished;hsk6
sàng;丧;to lose;hsk6
dù;渡;to ferry;hsk6
guàn;贯;to pierce;hsk6
bī;逼;to press;hsk6
jiā;佳;superb;hsk6
dào;盗;thief;hsk6
ma;嘛;obviously;hsk6
jiē;揭;to reveal;hsk6
wù;悟;to realize;hsk6
yù;誉;reputation;hsk6
jiū;纠;to entangle;hsk6
hóng;宏;great;hsk6
xī;牺;sacrifice;hsk6
wá;娃;newborn;hsk6
jiā;嘉;to commend;hsk6
xuán;悬;to suspend;hsk6
sì;寺;Buddhist temple;hsk6
mó;膜;membrane;hsk6
shé;舌;tongue;hsk6
dàn;诞;birth;hsk6
pào;泡;bubble;hsk6
fèi;肺;lungs;hsk6
lán;栏;fence;hsk6
yàn;宴;banquet;hsk6
xīn;薪;salary;hsk6
zhàng;账;accounts;hsk6
tāo;掏;to draw out;hsk6
pìn;聘;to engage;hsk6
zī;咨;to consult;hsk6
wā;哇;wah;hsk6
tī;踢;to kick;hsk6
cǎi;踩;to step on;hsk6
dǎo;蹈;to tread;hsk6
cè;厕;toilet;hsk6
cù;醋;vinegar;hsk6
dì;帝;supreme ruler;hsk6
wēi;威;might;hsk6
bō;波;waves;hsk6
nà;纳;to receive;hsk6
cè;策;strategy;hsk6
shuì;税;tax;hsk6
lù;露;dew;hsk6
yě;野;wild;hsk6
jiàn;剑;saber;hsk6
tú;徒;follower;hsk6
shèng;盛;flourishing;hsk6
zòng;纵;vertical;hsk6
zhàng;障;barrier;hsk6
miào;妙;wonderful;hsk6
chè;撤;to remove;hsk6
yuán;缘;reason;hsk6
hóng;洪;flood;hsk6
liáng;梁;bridge;hsk6
yuè;跃;to leap;hsk6
cǎn;惨;miserable;hsk6
jiàn;践;to trample;hsk6
gǎo;稿;draft;hsk6
mái;埋;to bury;hsk6
fēng;锋;cutting edge;hsk6
qiān;牵;to lead along;hsk6
tà;踏;to step on;hsk6
kuà;跨;to straddle;hsk6
yào;耀;show off;hsk6
yǎng;氧;oxygen;hsk6
ào;傲;arrogant;hsk6
fēn;氛;atmosphere;hsk6
guì;跪;to kneel;hsk6
chēng;撑;to prop up;hsk6
guā;刮;to scrape;hsk6
xié;谐;harmonious;hsk6
chǒng;宠;to pamper;hsk6
yú;娱;amusement;hsk6
dūn;蹲;to squat;hsk6
chǎo;炒;to stir-fry;hsk6
qiān;铅;lead;hsk6
jiǎn;捡;to pick up;hsk6
mán;馒;steamed bun;hsk6
sù;素;vegetarian;hsk6
zhū;诸;various;hsk6
bào;暴;violent;hsk6
gǔ;谷;valley;hsk6
cán;残;incomplete;hsk6
zhèng;症;disease;hsk6
qīng;倾;to incline;hsk6
liè;裂;to split;hsk6
héng;横;horizontal;hsk6
lài;赖;to rely on;hsk6
xuán;旋;to revolve;hsk6
zhí;殖;to breed;hsk6
yè;液;liquid;hsk6
yōu;忧;to worry;hsk6
mò;墨;black ink;hsk6
jiàn;箭;arrow;hsk6
fèn;愤;indignant;hsk6
mó;磨;to grind;hsk6
jié;截;to sever;hsk6
shēng;牲;domestic animal;hsk6
diē;跌;to tumble;hsk6
huī;辉;radiant;hsk6
jiàn;鉴;ancient bronze mirror;hsk6
kuò;阔;broad;hsk6
láo;牢;jail;hsk6
qī;欺;to deceive;hsk6
zuān;钻;to drill;hsk6
huì;绘;to paint;hsk6
mù;墓;grave;hsk6
dā;搭;put up;hsk6
wā;挖;to dig;hsk6
kù;酷;strong;hsk6
mián;棉;cotton;hsk6
ái;挨;to suffer;hsk6
liàng;谅;to forgive;hsk6
bǎng;榜;roster;hsk6
bàng;傍;close to;hsk6
zhǔ;煮;to boil;hsk6
zōng;宗;religion;hsk6
cáng;藏;to store;hsk6
gǎng;港;harbor;hsk6
tǎ;塔;pagoda;hsk6
zāo;遭;to meet with misfortune;hsk6
sāi;塞;to stuff into;hsk6
shè;涉;to wade;hsk6
bào;爆;to explode;hsk6
qià;恰;exactly;hsk6
qí;旗;flag;hsk6
chǔ;储;to store up;hsk6
pō;坡;slope;hsk6
pù;铺;shop;hsk6
tóng;铜;copper;hsk6
xián;嫌;to dislike;hsk6
dī;滴;drop;hsk6
wán;顽;stubborn;hsk6
jiāo;骄;proud;hsk6
qiān;谦;modest;hsk6
shǔ;薯;potato;hsk6
dū;督;to superintend;hsk6
jí;疾;sickness;hsk6
xù;绪;thread ends;hsk6
chóng;崇;worship;hsk6
tiān;添;to increase;hsk6
dǔ;赌;to gamble;hsk6
lǎn;懒;lazy;hsk6
tàng;趟;trip;hsk6
zhèn;镇;at ease;hsk6
yù;欲;desire;hsk6
yú;愉;pleased;hsk6
qiàn;歉;apology;hsk6
zhuàn;赚;to earn;hsk6
hàn;憾;regret;hsk6
é;额;forehead;hsk6
chuān;川;stream;hsk7-9
chén;臣;feudal subject;hsk7-9
nǎi;乃;to be;hsk7-9
dīng;丁;fourth;hsk7-9
wǎ;瓦;tile;hsk7-9
shī;尸;corpse;hsk7-9
yuē;曰;to say;hsk7-9
lǚ;吕;spine;hsk7-9
jīng;晶;crystal;hsk7-9
bǔ;卜;divination;hsk7-9
zhōu;舟;boat;hsk7-9
gōng;弓;bow;hsk7-9
zhǎo;爪;claw;hsk7-9
wù;勿;not;hsk7-9
gài;丐;beggar;hsk7-9
tū;凸;convex;hsk7-9
āo;凹;concave;hsk7-9
hé;禾;grain;hsk7-9
ní;尼;nun;hsk7-9
liú;刘;Liu;hsk7-9
mǔ;姆;nanny;hsk7-9
yǎ;雅;elegant;hsk7-9
xiān;仙;immortal;hsk7-9
hōng;轰;to rumble;hsk7-9
kǒng;孔;hole;hsk7-9
ài;艾;Chinese mugwort;hsk7-9
tài;泰;tranquil;hsk7-9
jīn;津;saliva;hsk7-9
rén;仁;benevolence;hsk7-9
bāng;邦;nation;hsk7-9
qín;秦;Qin;hsk7-9
nú;奴;slave;hsk7-9
gān;甘;sweet;hsk7-9
huò;霍;suddenly;hsk7-9
shì;氏;family name;hsk7-9
fèng;凤;male phoenix;hsk7-9
sāng;桑;mulberry;hsk7-9
chóu;仇;animosity;hsk7-9
xié;邪;evil;hsk7-9
xún;巡;patrol;hsk7-9
jì;剂;dose;hsk7-9
mèng;孟;first month of the season;hsk7-9
dèng;邓;Deng;hsk7-9
cōng;匆;hurried;hsk7-9
tíng;廷;royal court;hsk7-9
míng;鸣;to chirp;hsk7-9
qū;屈;bend;hsk7-9
gē;戈;halberd;hsk7-9
féng;冯;Feng;hsk7-9
qǐ;岂;how;hsk7-9
quán;拳;fist;hsk7-9
lì;隶;slave;hsk7-9
pú;仆;servant;hsk7-9
mēn;闷;stuffy;hsk7-9
tuǒ;妥;appropriate;hsk7-9
gēng;耕;to plow;hsk7-9
chì;斥;to reprimand;hsk7-9
wāng;汪;puddle;hsk7-9
méi;枚;small object;hsk7-9
dīng;盯;to stare at;hsk7-9
jì;忌;to shun;hsk7-9
péng;鹏;mythological bird;hsk7-9
wěn;吻;to kiss;hsk7-9
jiān;奸;treacherous;hsk7-9
xiè;泄;discharge;hsk7-9
bó;驳;to refute;hsk7-9
yān;咽;throat;hsk7-9
gōu;勾;cross out;hsk7-9
wèi;畏;to fear;hsk7-9
gāng;冈;ridge;hsk7-9
bān;斑;spot;hsk7-9
chě;扯;to pull;hsk7-9
liáo;辽;distant;hsk7-9
pǔ;朴;plain;hsk7-9
yùn;孕;pregnant;hsk7-9
chí;驰;to gallop;hsk7-9
jiàng;匠;craftsman;hsk7-9
zhī;芝;sesame;hsk7-9
yà;讶;surprised;hsk7-9
chǐ;耻;shame;hsk7-9
hóng;虹;rainbow;hsk7-9
bēng;崩;to collapse;hsk7-9
fěi;匪;bandit;hsk7-9
zhào;兆;omen;hsk7-9
shuǎ;耍;mess around;hsk7-9
huái;淮;Huai;hsk7-9
méi;玫;rose;hsk7-9
xún;旬;group of ten;hsk7-9
dǐng;鼎;cauldron;hsk7-9
mǔ;亩;Chinese acre;hsk7-9
yā;鸦;crow;hsk7-9
zhà;诈;to swindle;hsk7-9
è;厄;distress;hsk7-9
qǐ;乞;to beg;hsk7-9
yǎn;衍;to develop;hsk7-9
qí;祈;to pray;hsk7-9
péng;棚;shed;hsk7-9
qī;栖;perch;hsk7-9
zhǎn;斩;to chop;hsk7-9
tū;秃;bald;hsk7-9
hàn;旱;drought;hsk7-9
zhú;烛;candle;hsk7-9
hài;骇;to be shocked;hsk7-9
xīn;芯;core;hsk7-9
xiǔ;朽;rotten;hsk7-9
yōng;佣;servant;hsk7-9
dòu;逗;to tease;hsk7-9
diàn;甸;pasture;hsk7-9
càn;灿;brilliant;hsk7-9
qiú;囚;prisoner;hsk7-9
shuǎi;甩;to throw off;hsk7-9
dīng;叮;to sting;hsk7-9
hóng;弘;great;hsk7-9
yǔ;屿;islet;hsk7-9
zhuāng;妆;makeup;hsk7-9
lǚ;侣;associate;hsk7-9
yā;丫;girl;hsk7-9
gěng;耿;dedicated;hsk7-9
yún;匀;uniform;hsk7-9
bā;叭;horn;hsk7-9
zhuō;拙;clumsy;hsk7-9
zhì;稚;childish;hsk7-9
yá;芽;sprout;hsk7-9
fǔ;斧;axe;hsk7-9
shān;删;to delete;hsk7-9
bǐng;秉;to grasp;hsk7-9
xùn;驯;to tame;hsk7-9
dāo;叨;to chatter;hsk7-9
xù;旭;rising sun;hsk7-9
wǎng;枉;crooked;hsk7-9
jī;讥;ridicule;hsk7-9
gān;竿;pole;hsk7-9
wén;蚊;mosquito;hsk7-9
zhuó;浊;turbid;hsk7-9
káng;扛;to carry on the shoulder;hsk7-9
gàng;杠;thick stick;hsk7-9
jué;崛;to rise abruptly;hsk7-9
shū;抒;to express;hsk7-9
pái;徘;to pace back and forth;hsk7-9
pá;扒;to rake up;hsk7-9
bā;芭;fragrant plant;hsk7-9
tì;屉;drawer;hsk7-9
jǐng;阱;pitfall;hsk7-9
zhá;闸;sluice gate;hsk7-9
huì;卉;grass;hsk7-9
chí;弛;to loosen;hsk7-9
chāng;猖;ferocious;hsk7-9
yù;驭;to drive a horse;hsk7-9
tuó;驮;to carry on the back;hsk7-9
jù;炬;torch;hsk7-9
mù;沐;to wash hair;hsk7-9
sū;酥;shortbread;hsk7-9
fěi;诽;to slander;hsk7-9
qiào;撬;to pry open;hsk7-9
diāo;刁;tricky;hsk7-9
rǒng;冗;superfluous;hsk7-9
hé;阂;to obstruct;hsk7-9
luó;罗;gauze;hsk7-9
zhōu;州;state;hsk7-9
yì;亦;also;hsk7-9
zé;泽;swamp;hsk7-9
lún;伦;human relations;hsk7-9
yáng;杨;poplar;hsk7-9
xíng;刑;punishment;hsk7-9
dān;丹;red;hsk7-9
hè;赫;glorious;hsk7-9
tǐng;艇;light boat;hsk7-9
kǎi;凯;triumphant;hsk7-9
méi;眉;eyebrows;hsk7-9
qū;驱;to urge on;hsk7-9
liǔ;柳;willow;hsk7-9
chéng;呈;submit;hsk7-9
téng;腾;to prance;hsk7-9
jìn;晋;to promote;hsk7-9
chì;赤;crimson;hsk7-9
wù;雾;fog;hsk7-9
cóng;丛;thicket;hsk7-9
zhǐ;旨;purpose;hsk7-9
pāo;抛;to toss;hsk7-9
mài;迈;to stride;hsk7-9
yòu;诱;to entice;hsk7-9
lì;粒;grain;hsk7-9
fǔ;抚;to comfort;hsk7-9
yì;抑;curb;hsk7-9
āi;哀;grief;hsk7-9
kūn;昆;descendants;hsk7-9
fá;伐;to fell;hsk7-9
qì;契;contract;hsk7-9
sòng;讼;to litigate;hsk7-9
niào;尿;urine;hsk7-9
fēn;芬;fragrance;hsk7-9
fēng;蜂;bee;hsk7-9
miáo;苗;seedling;hsk7-9
qiū;丘;mound;hsk7-9
ké;壳;shell;hsk7-9
hán;函;envelope;hsk7-9
áng;昂;high;hsk7-9
kuā;夸;to exaggerate;hsk7-9
zhēng;睁;to open the eyes;hsk7-9
xié;携;to take along;hsk7-9
hēng;哼;snort;hsk7-9
tāi;胎;fetus;hsk7-9
rú;儒;Confucian;hsk7-9
yīn;姻;marriage;hsk7-9
luǎn;卵;eggs;hsk7-9
suì;遂;to satisfy;hsk7-9
xiào;肖;to resemble;hsk7-9
xiū;羞;shy;hsk7-9
dèng;瞪;to glare;hsk7-9
fú;俘;captive;hsk7-9
tān;滩;beach;hsk7-9
cuī;催;to urge;hsk7-9
zhàng;胀;to swell;hsk7-9
mǒ;抹;to smear;hsk7-9
wàng;妄;absurd;hsk7-9
shì;逝;pass away;hsk7-9
yíng;盈;full;hsk7-9
wēng;翁;elderly man;hsk7-9
zhè;浙;Zhejiang;hsk7-9
xū;吁;gasp;hsk7-9
kuàng;框;frame;hsk7-9
hǒu;吼;to roar;hsk7-9
tān;摊;stall;hsk7-9
sǒng;耸;to shrug;hsk7-9
luǒ;裸;naked;hsk7-9
cuī;摧;to destroy;hsk7-9
lín;淋;to drench;hsk7-9
jī;饥;starving;hsk7-9
féng;逢;to come upon;hsk7-9
xiáng;翔;to soar;hsk7-9
wū;巫;witch;hsk7-9
chǔn;蠢;clumsy;hsk7-9
jué;掘;to dig;hsk7-9
dài;逮;to arrest;hsk7-9
xī;晰;clear;hsk7-9
jǐ;脊;backbone;hsk7-9
shā;刹;to brake;hsk7-9
máng;芒;awn;hsk7-9
jīn;筋;tendon;hsk7-9
yàn;焰;flame;hsk7-9
kěn;恳;earnest;hsk7-9
pǔ;谱;chart;hsk7-9
āi;哎;exclamation;hsk7-9
cháo;巢;nest;hsk7-9
fēn;吩;to instruct;hsk7-9
lì;吏;government official;hsk7-9
shù;恕;to forgive;hsk7-9
juàn;倦;tired;hsk7-9
yí;夷;barbarian;hsk7-9
pěng;捧;to hold with both hands;hsk7-9
shèn;肾;kidney;hsk7-9
jiàn;荐;to recommend;hsk7-9
yǎ;哑;mute;hsk7-9
tàn;炭;charcoal;hsk7-9
zhǎ;眨;to blink;hsk7-9
jiù;舅;maternal uncle;hsk7-9
mèi;昧;dim;hsk7-9
dié;谍;espionage;hsk7-9
guī;龟;tortoise;hsk7-9
jiāng;姜;ginger;hsk7-9
sì;肆;four;hsk7-9
qì;泣;to weep;hsk7-9
lǚ;屡;repeatedly;hsk7-9
yì;溢;to overflow;hsk7-9
wán;丸;pill;hsk7-9
xiāng;厢;side room;hsk7-9
mí;谜;riddle;hsk7-9
yán;阎;lane gate;hsk7-9
xiè;卸;to unload;hsk7-9
qǔ;娶;to take a wife;hsk7-9
mò;沫;foam;hsk7-9
sǎng;嗓;throat;hsk7-9
fén;焚;to burn;hsk7-9
jú;菊;chrysanthemum;hsk7-9
dào;稻;rice plant;hsk7-9
qì;迄;until;hsk7-9
shǔ;蜀;Sichuan;hsk7-9
mì;泌;to secrete;hsk7-9
shū;枢;hub;hsk7-9
hè;鹤;crane;hsk7-9
shí;蚀;to corrode;hsk7-9
shuāng;霜;frost;hsk7-9
kǔn;捆;bundle;hsk7-9
bǐng;丙;third;hsk7-9
quǎn;犬;dog;hsk7-9
diàn;奠;to establish;hsk7-9
yìn;荫;shade;hsk7-9
jīng;茎;stem;hsk7-9
dèng;凳;stool;hsk7-9
shuò;烁;bright;hsk7-9
tǎn;毯;blanket;hsk7-9
xiè;泻;diarrhea;hsk7-9
wù;晤;to meet;hsk7-9
dǎo;捣;to pound;hsk7-9
kuàng;旷;spacious;hsk7-9
bīn;彬;elegant;hsk7-9
chéng;澄;clear;hsk7-9
wěi;萎;to wither;hsk7-9
tāo;滔;torrential;hsk7-9
chǒu;瞅;to look at;hsk7-9
yòu;佑;to bless;hsk7-9
yě;冶;to smelt;hsk7-9
lǒu;搂;to put one's arm around;hsk7-9
liú;浏;swift;hsk7-9
ǒu;呕;to vomit;hsk7-9
méng;萌;to sprout;hsk7-9
nà;呐;to shout;hsk7-9
huì;讳;taboo;hsk7-9
zhuó;琢;chisel;hsk7-9
pēi;胚;embryo;hsk7-9
shuān;栓;plug;hsk7-9
tài;汰;to eliminate;hsk7-9
huái;徊;to pace back and forth;hsk7-9
bèi;惫;exhausted;hsk7-9
dài;怠;idle;hsk7-9
zhǎn;崭;towering;hsk7-9
jiū;揪;to hold tight;hsk7-9
wǔ;捂;to cover with one's hand;hsk7-9
lán;婪;greedy;hsk7-9
sì;祀;to offer sacrifice;hsk7-9
chà;岔;to diverge;hsk7-9
ěr;饵;bait;hsk7-9
ài;隘;narrow;hsk7-9
tī;剔;to pick out;hsk7-9
shuān;拴;to tie;hsk7-9
dí;涤;to wash;hsk7-9
zhuài;拽;to pull;hsk7-9
cǎi;睬;to notice;hsk7-9
hàn;捍;to defend;hsk7-9
kǎn;侃;upright;hsk7-9
lěi;蕾;flower bud;hsk7-9
kěn;啃;to nibble;hsk7-9
kuāng;筐;basket;hsk7-9
lěi;磊;pile of stones;hsk7-9
zhēng;筝;kite;hsk7-9
qiā;掐;pinch;hsk7-9
jué;倔;stubborn;hsk7-9
chéng;橙;orange;hsk7-9
hān;酣;heartily;hsk7-9
diāo;叼;hold in the mouth;hsk7-9
xùn;汛;flood;hsk7-9
é;讹;to extort;hsk7-9
yì;屹;towering;hsk7-9
lūn;抡;to swing;hsk7-9
yē;椰;coconut;hsk7-9
jiǔ;灸;moxibustion;hsk7-9
hàn;焊;to weld;hsk7-9
kōu;抠;to dig out;hsk7-9
bāi;掰;to break off;hsk7-9
qī;沏;to infuse;hsk7-9
lán;兰;orchid;hsk7-9
zhōu;洲;continent;hsk7-9
yī;伊;they;hsk7-9
bó;伯;father's older brother;hsk7-9
mò;莫;nobody;hsk7-9
táng;唐;Tang dynasty;hsk7-9
jūn;君;monarch;hsk7-9
sòng;宋;Song Dynasty;hsk7-9
sī;丝;silk;hsk7-9
jì;迹;trace;hsk7-9
zhū;朱;vermilion;hsk7-9
yì;役;service;hsk7-9
dù;杜;to prevent;hsk7-9
huāng;荒;wasteland;hsk7-9
ruì;瑞;auspicious;hsk7-9
yù;御;to resist;hsk7-9
fú;伏;to bend over;hsk7-9
yán;岩;rock;hsk7-9
dàng;荡;to swing;hsk7-9
dí;迪;to enlighten;hsk7-9
yǎn;掩;conceal;hsk7-9
nǐ;拟;to draft;hsk7-9
wěi;伪;bogus;hsk7-9
róu;柔;soft;hsk7-9
fāng;芳;fragrant;hsk7-9
mài;脉;blood vessels;hsk7-9
bǎi;柏;cypress;hsk7-9
shòu;兽;beast;hsk7-9
yǒng;涌;to gush;hsk7-9
chóu;筹;chip;hsk7-9
gé;阁;pavilion;hsk7-9
shuāi;衰;to decline;hsk7-9
zhòng;仲;middle;hsk7-9
zhàng;仗;battle;hsk7-9
xuán;玄;mysterious;hsk7-9
cāng;苍;ashen;hsk7-9
dǒu;抖;to tremble;hsk7-9
chǐ;齿;teeth;hsk7-9
jié;捷;nimble;hsk7-9
xuē;削;to pare;hsk7-9
wò;沃;fertile;hsk7-9
gù;雇;to hire;hsk7-9
lián;莲;lotus;hsk7-9
yuè;岳;wife's parents;hsk7-9
cāng;舱;cabin;hsk7-9
jùn;俊;handsome;hsk7-9
hē;呵;to berate;hsk7-9
yāo;妖;bewitching;hsk7-9
fáng;妨;to hinder;hsk7-9
yù;郁;depressed;hsk7-9
liū;溜;to glide;hsk7-9
xué;穴;cave;hsk7-9
zhuó;卓;outstanding;hsk7-9
máng;茫;boundless;hsk7-9
bāo;剥;to peel;hsk7-9
chuǎn;喘;to gasp;hsk7-9
hún;浑;muddy;hsk7-9
diē;爹;dad;hsk7-9
chóu;酬;reward;hsk7-9
bó;泊;to moor;hsk7-9
gǔ;贾;merchant;hsk7-9
tāo;涛;large waves;hsk7-9
yōu;悠;drawn out;hsk7-9
bēi;卑;inferior;hsk7-9
chì;翅;wing;hsk7-9
mán;蛮;barbaric;hsk7-9
qí;歧;fork in the road;hsk7-9
miǎn;勉;strive;hsk7-9
zuǒ;佐;assistant;hsk7-9
fù;咐;to instruct;hsk7-9
jū;拘;to detain;hsk7-9
yīng;婴;baby;hsk7-9
yōng;庸;mediocre;hsk7-9
kū;枯;withered;hsk7-9
yuān;渊;abyss;hsk7-9
téng;藤;rattan;hsk7-9
nuó;挪;to move;hsk7-9
zhī;脂;fat;hsk7-9
hǎn;罕;rare;hsk7-9
wǎn;挽;to pull;hsk7-9
sāo;骚;to disturb;hsk7-9
tuò;拓;to develop;hsk7-9
wāi;歪;askew;hsk7-9
zhān;粘;to glue;hsk7-9
bǐng;柄;handle;hsk7-9
gùn;棍;rod;hsk7-9
rě;惹;to provoke;hsk7-9
mèi;媚;to flatter;hsk7-9
qī;漆;paint;hsk7-9
xī;膝;knee;hsk7-9
chén;辰;sign of the dragon;hsk7-9
bó;舶;big boat;hsk7-9
fěng;讽;to mock;hsk7-9
hán;涵;culvert;hsk7-9
jiāng;僵;stiff;hsk7-9
zhī;肢;limb;hsk7-9
máo;茅;straw;hsk7-9
yú;舆;carriage;hsk7-9
háng;杭;Hangzhou;hsk7-9
qī;凄;bitter cold;hsk7-9
jìn;浸;to immerse;hsk7-9
zhēn;贞;loyal;hsk7-9
fén;坟;tomb;hsk7-9
shào;哨;whistle;hsk7-9
xī;昔;the past;hsk7-9
miù;谬;erroneous;hsk7-9
péng;蓬;disheveled;hsk7-9
zhān;沾;to moisten;hsk7-9
tǒng;桶;bucket;hsk7-9
lěi;垒;rampart;hsk7-9
méi;霉;mildew;hsk7-9
zhàng;杖;cane;hsk7-9
zhóu;轴;axle;hsk7-9
pān;攀;to climb;hsk7-9
lú;芦;reed;hsk7-9
zhǎo;沼;marsh;hsk7-9
dǎo;祷;to pray;hsk7-9
xī;熙;splendid;hsk7-9
huá;哗;to clamor;hsk7-9
gē;胳;arm;hsk7-9
shù;竖;vertical;hsk7-9
jùn;峻;lofty;hsk7-9
xiè;屑;bits;hsk7-9
shèn;渗;to seep;hsk7-9
jīng;荆;vitex;hsk7-9
yàn;雁;wild goose;hsk7-9
sòng;诵;to read aloud;hsk7-9
chún;醇;mellow wine;hsk7-9
dí;笛;bamboo flute;hsk7-9
miáo;瞄;to take aim;hsk7-9
péng;篷;covering;hsk7-9
yān;淹;to flood;hsk7-9
zú;卒;soldier;hsk7-9
dù;妒;to be jealous;hsk7-9
zào;燥;dry;hsk7-9
wǔ;侮;to insult;hsk7-9
jiǎo;狡;crafty;hsk7-9
fá;阀;valve;hsk7-9
zào;灶;cooking stove;hsk7-9
záo;凿;bore a hole;hsk7-9
chóu;畴;category;hsk7-9
yíng;蝇;fly;hsk7-9
hù;沪;Shanghai;hsk7-9
luó;萝;radish;hsk7-9
xiōng;汹;turbulent;hsk7-9
zhěng;拯;to rescue;hsk7-9
jiè;诫;to admonish;hsk7-9
cì;伺;to wait upon;hsk7-9
shāo;梢;treetop;hsk7-9
zào;噪;to chirp;hsk7-9
zhǎn;盏;small cup;hsk7-9
nì;匿;to hide;hsk7-9
gāng;缸;vat;hsk7-9
mì;觅;to seek;hsk7-9
jué;诀;knack;hsk7-9
xiā;虾;shrimp;hsk7-9
tún;屯;to stockpile;hsk7-9
zhuó;灼;to scorch;hsk7-9
jǔ;沮;to stop;hsk7-9
qiào;俏;good-looking;hsk7-9
tàng;烫;to scald;hsk7-9
dǎi;歹;evil;hsk7-9
cōng;葱;onion;hsk7-9
jiǎng;桨;oar;hsk7-9
chuō;戳;to jab;hsk7-9
pā;趴;to lie prone;hsk7-9
zhuó;酌;pour wine;hsk7-9
fáng;肪;animal fat;hsk7-9
cāng;沧;dark blue;hsk7-9
chuǎi;揣;to conjecture;hsk7-9
chú;橱;cabinet;hsk7-9
hú;弧;arc;hsk7-9
kēng;吭;to utter;hsk7-9
chǐ;侈;extravagant;hsk7-9
huá;猾;crafty;hsk7-9
zào;皂;soap;hsk7-9
bèi;狈;legendary wolf;hsk7-9
kē;苛;exacting;hsk7-9
huì;秽;dirty;hsk7-9
cuō;搓;to rub with the hands;hsk7-9
jīng;兢;cautious;hsk7-9
máo;髦;fashionable;hsk7-9
bān;扳;to pull;hsk7-9
chěng;逞;to flaunt;hsk7-9
duō;哆;to tremble;hsk7-9
jùn;骏;steed;hsk7-9
chān;掺;to mix;hsk7-9
chuī;炊;to cook;hsk7-9
suì;隧;tunnel;hsk7-9
tǒng;捅;to poke;hsk7-9
yùn;酝;to brew;hsk7-9
pēng;抨;to verbally attack;hsk7-9
yíng;荧;glimmer;hsk7-9
qiāng;呛;to choke;hsk7-9
pīng;乒;ping;hsk7-9
pēng;烹;to cook;hsk7-9
yǒng;咏;to chant;hsk7-9
gū;沽;to buy;hsk7-9
pāng;乓;pong;hsk7-9
yāng;秧;seedling;hsk7-9
gài;溉;to irrigate;hsk7-9
cōng;囱;chimney;hsk7-9
shāo;捎;to bring;hsk7-9
chèng;秤;scale;hsk7-9
lǔ;卤;thick gravy;hsk7-9
xiàn;馅;filling;hsk7-9
zhàn;蘸;to dip;hsk7-9
kuà;挎;carry on the arm;hsk7-9
něi;馁;to be discouraged;hsk7-9
xù;酗;to drink excessively;hsk7-9
zhǔ;拄;lean on;hsk7-9
luán;孪;twins;hsk7-9
sào;臊;shy;hsk7-9
yì;弈;Go;hsk7-9
liù;遛;to stroll;hsk7-9
sī;斯;this;hsk7-9
chén;陈;to exhibit;hsk7-9
ōu;欧;Europe;hsk7-9
lǔ;鲁;rude;hsk7-9
lè;勒;to rein in;hsk7-9
ào;奥;profound;hsk7-9
é;俄;Russia;hsk7-9
sà;萨;bodhisattva;hsk7-9
zhèng;郑;Zheng;hsk7-9
wú;吴;Wu;hsk7-9
jiē;皆;all;hsk7-9
hé;荷;lotus;hsk7-9
lí;黎;black;hsk7-9
zhēn;侦;detect;hsk7-9
là;腊;cured meat;hsk7-9
bó;勃;vigorous;hsk7-9
mù;牧;to herd;hsk7-9
fù;腹;abdomen;hsk7-9
yù;狱;prison;hsk7-9
huò;惑;bewildered;hsk7-9
táo;陶;pottery;hsk7-9
zhàng;帐;tent;hsk7-9
liè;猎;to hunt;hsk7-9
xùn;逊;modest;hsk7-9
yàn;燕;swallow;hsk7-9
láng;狼;wolf;hsk7-9
yáo;遥;remote;hsk7-9
dūn;敦;sincere;hsk7-9
cuì;粹;pure;hsk7-9
zhì;秩;order;hsk7-9
niǔ;纽;knob;hsk7-9
wén;纹;pattern;hsk7-9
yú;渔;fishing;hsk7-9
zī;兹;this;hsk7-9
mí;弥;to fill;hsk7-9
huàng;晃;to sway;hsk7-9
guō;郭;outer walls;hsk7-9
chéng;惩;to punish;hsk7-9
jié;劫;to rob;hsk7-9
huò;祸;misfortune;hsk7-9
chún;唇;lips;hsk7-9
miào;庙;temple;hsk7-9
yú;愚;stupid;hsk7-9
xiāo;萧;desolate;hsk7-9
zī;姿;posture;hsk7-9
rǔ;辱;disgrace;hsk7-9
biàn;辨;to differentiate;hsk7-9
ó;哦;doubt;hsk7-9
jǐn;谨;careful;hsk7-9
jué;爵;nobility;hsk7-9
lóng;笼;cage;hsk7-9
guì;桂;cinnamon;hsk7-9
xián;贤;worthy;hsk7-9
sì;饲;to feed;hsk7-9
nì;逆;to go against;hsk7-9
zhào;罩;to cover;hsk7-9
lán;拦;impede;hsk7-9
tíng;亭;kiosk;hsk7-9
sēng;僧;Buddhist monk;hsk7-9
xīng;猩;orangutan;hsk7-9
chù;畜;livestock;hsk7-9
jià;嫁;to marry;hsk7-9
pān;潘;Pan;hsk7-9
cì;赐;to grant;hsk7-9
tǒng;筒;tube;hsk7-9
qí;棋;chess;hsk7-9
shì;誓;vow;hsk7-9
tǎng;倘;if;hsk7-9
bì;蔽;to cover;hsk7-9
zhē;遮;to cover;hsk7-9
zhǔ;嘱;to urge;hsk7-9
zhōng;衷;inner feelings;hsk7-9
pǔ;浦;riverside;hsk7-9
é;鹅;goose;hsk7-9
bó;脖;neck;hsk7-9
cuì;翠;emerald green;hsk7-9
píng;萍;duckweed;hsk7-9
còu;凑;to gather together;hsk7-9
xī;溪;creek;hsk7-9
chán;禅;meditation;hsk7-9
chǎn;阐;to expound;hsk7-9
huǎng;谎;lie;hsk7-9
pú;菩;bodhisattva;hsk7-9
lǐng;岭;mountain range;hsk7-9
xián;弦;bowstring;hsk7-9
dīng;钉;nail;hsk7-9
dié;叠;to pile up;hsk7-9
zhuì;坠;to fall;hsk7-9
cí;瓷;porcelain;hsk7-9
xiào;啸;to whistle;hsk7-9
mào;茂;lush;hsk7-9
páo;袍;gown;hsk7-9
xián;衔;title;hsk7-9
bì;弊;fraud;hsk7-9
zhēng;蒸;to steam;hsk7-9
lǒng;拢;to draw near;hsk7-9
gē;搁;to put aside;hsk7-9
xí;媳;daughter-in-law;hsk7-9
péng;膨;to inflate;hsk7-9
duì;兑;to convert;hsk7-9
fú;辐;spoke;hsk7-9
zào;躁;impetuous;hsk7-9
huáng;凰;female phoenix;hsk7-9
tā;塌;to collapse;hsk7-9
xiān;掀;uncover;hsk7-9
guāi;乖;well-behaved;hsk7-9
niē;捏;to pinch;hsk7-9
lǔ;虏;captive;hsk7-9
chí;匙;spoon;hsk7-9
yào;钥;key;hsk7-9
zhū;株;tree stump;hsk7-9
pōu;剖;to cut open;hsk7-9
táo;淘;to rinse;hsk7-9
nèn;嫩;tender;hsk7-9
lāo;捞;to dredge up;hsk7-9
bǐ;鄙;low;hsk7-9
dōu;兜;pocket;hsk7-9
yí;怡;joyful;hsk7-9
biǎn;贬;to diminish;hsk7-9
chǎng;敞;spacious;hsk7-9
là;蜡;wax;hsk7-9
yáo;谣;rumor;hsk7-9
zhěn;枕;pillow;hsk7-9
jiāng;浆;thick liquid;hsk7-9
gōng;躬;to bow;hsk7-9
zhòu;昼;daytime;hsk7-9
zǎo;藻;algae;hsk7-9
mù;募;to recruit;hsk7-9
dān;耽;to delay;hsk7-9
lòu;陋;crude;hsk7-9
nüè;虐;cruel;hsk7-9
lǎ;喇;horn;hsk7-9
fèi;沸;to boil;hsk7-9
è;遏;restrain;hsk7-9
dòng;栋;building;hsk7-9
mǎng;莽;rude;hsk7-9
chà;诧;to be surprised;hsk7-9
tì;惕;watchful;hsk7-9
xīng;腥;fishy;hsk7-9
tán;潭;deep pool;hsk7-9
wō;涡;whirlpool;hsk7-9
niàng;酿;to brew;hsk7-9
mù;暮;sunset;hsk7-9
é;娥;moon goddess;hsk7-9
náo;挠;to scratch;hsk7-9
jià;稼;crops;hsk7-9
bǔ;哺;to feed;hsk7-9
shǐ;矢;dart;hsk7-9
zhì;帜;banner;hsk7-9
róu;揉;to knead;hsk7-9
màn;蔓;climbing vine;hsk7-9
qián;虔;pious;hsk7-9
pàn;畔;side;hsk7-9
dié;碟;saucer;hsk7-9
lóng;胧;hazy;hsk7-9
bèng;蹦;to hop;hsk7-9
yì;裔;descendant;hsk7-9
xī;熄;to extinguish;hsk7-9
jiāo;浇;to water;hsk7-9
jí;棘;thorn bushes;hsk7-9
lóng;聋;deaf;hsk7-9
piē;撇;to cast aside;hsk7-9
wā;蛙;frog;hsk7-9
cán;惭;ashamed;hsk7-9
gài;钙;calcium;hsk7-9
jiāo;礁;reef;hsk7-9
zhān;瞻;look upward;hsk7-9
jiǎn;拣;to select;hsk7-9
shè;慑;to fear;hsk7-9
bēng;绷;to stretch taut;hsk7-9
qiào;翘;to turn upward;hsk7-9
tǎng;淌;to drip;hsk7-9
mǔ;牡;male;hsk7-9
zhuì;缀;to sew;hsk7-9
zhì;挚;sincere;hsk7-9
dié;迭;to alternate;hsk7-9
lóng;咙;throat;hsk7-9
pèi;沛;copious;hsk7-9
kěn;垦;to reclaim land;hsk7-9
jiǎn;柬;letter;hsk7-9
máng;氓;hoodlum;hsk7-9
shān;煽;to fan a fire;hsk7-9
duò;舵;rudder;hsk7-9
lìn;赁;to rent;hsk7-9
xù;婿;son-in-law;hsk7-9
guà;卦;divination symbols;hsk7-9
rèn;韧;pliable but strong;hsk7-9
biē;憋;to hold back;hsk7-9
yuè;粤;Guangdong;hsk7-9
nǐng;拧;to twist;hsk7-9
zhào;肇;to cause;hsk7-9
xù;恤;to sympathize;hsk7-9
lǚ;铝;aluminum;hsk7-9
qì;砌;to lay brick;hsk7-9
bǎ;靶;target;hsk7-9
fū;孵;to hatch;hsk7-9
xiáo;淆;confused;hsk7-9
gū;菇;mushroom;hsk7-9
xuàn;炫;show off;hsk7-9
zhǔ;瞩;to gaze;hsk7-9
guī;闺;small arched door;hsk7-9
dēng;蹬;step on;hsk7-9
fú;袱;wrapping cloth;hsk7-9
ōu;殴;to beat up;hsk7-9
xī;嬉;to play;hsk7-9
līn;拎;to lift with one's hand;hsk7-9
chān;搀;take by the arm;hsk7-9
láo;唠;to chatter;hsk7-9
zòu;揍;to beat;hsk7-9
bàn;拌;to mix;hsk7-9
bào;刨;to shave off;hsk7-9
jùn;竣;to complete;hsk7-9
chán;馋;gluttonous;hsk7-9
dùn;炖;to stew;hsk7-9
fēi;绯;red;hsk7-9
lào;涝;waterlogged;hsk7-9
dǔn;盹;nap;hsk7-9
bāo;煲;cooking pot;hsk7-9
zhào;赵;Zhao;hsk7-9
xí;袭;to raid;hsk7-9
xiá;侠;knight-errant;hsk7-9
hán;韩;Korea;hsk7-9
lóng;隆;grand;hsk7-9
zhòu;宙;universe;hsk7-9
sā;撒;to let go;hsk7-9
sōu;艘;boat;hsk7-9
cí;慈;kind;hsk7-9
pèi;佩;to admire;hsk7-9
pà;帕;handkerchief;hsk7-9
chuí;垂;to droop;hsk7-9
jù;惧;to fear;hsk7-9
ào;澳;bay;hsk7-9
xiá;辖;to administer;hsk7-9
gē;割;to cut apart;hsk7-9
chén;尘;dust;hsk7-9
xiá;峡;gorge;hsk7-9
bù;怖;to be scared;hsk7-9
xī;稀;scarce;hsk7-9
lǚ;履;shoe;hsk7-9
tán;坛;altar;hsk7-9
fù;覆;to overturn;hsk7-9
huàn;唤;to call out;hsk7-9
bà;霸;tyrant;hsk7-9
fù;赴;to go to;hsk7-9
páng;庞;huge;hsk7-9
shì;侍;to serve;hsk7-9
liè;劣;inferior;hsk7-9
yīng;鹰;hawk;hsk7-9
zī;滋;to nourish;hsk7-9
hén;痕;scar;hsk7-9
yì;毅;resolute;hsk7-9
xù;蓄;to save up;hsk7-9
jié;竭;to use up;hsk7-9
zéi;贼;thief;hsk7-9
mì;蜜;honey;hsk7-9
xiá;狭;narrow;hsk7-9
xiá;霞;rosy clouds;hsk7-9
jiāng;疆;border;hsk7-9
lù;鹿;deer;hsk7-9
xī;锡;tin;hsk7-9
yǐ;矣;did;hsk7-9
guàn;灌;to irrigate;hsk7-9
xiào;孝;filial piety;hsk7-9
sǎo;嫂;elder brother's wife;hsk7-9
jǔ;矩;square;hsk7-9
kǎi;慨;indignant;hsk7-9
shī;狮;lion;hsk7-9
kǎn;砍;to chop;hsk7-9
kēng;坑;pit;hsk7-9
mò;陌;footpath;hsk7-9
zhǎi;窄;narrow;hsk7-9
yá;崖;cliff;hsk7-9
gōu;钩;hook;hsk7-9
rǎng;嚷;to shout;hsk7-9
xiàn;腺;gland;hsk7-9
fǔ;俯;to bow;hsk7-9
shà;厦;tall building;hsk7-9
ráo;饶;to spare;hsk7-9
huáng;煌;brilliant;hsk7-9
làn;滥;indiscriminate;hsk7-9
zhì;滞;stagnant;hsk7-9
qū;躯;human body;hsk7-9
zhài;寨;stockade;hsk7-9
cháo;嘲;to ridicule;hsk7-9
què;雀;sparrow;hsk7-9
sī;撕;to tear;hsk7-9
yì;逸;to escape;hsk7-9
xūn;勋;merit;hsk7-9
zhuān;砖;brick;hsk7-9
dǒu;陡;steep;hsk7-9
bó;搏;to wrestle;hsk7-9
xiā;瞎;blind;hsk7-9
yuān;冤;injustice;hsk7-9
bǎng;绑;to tie up;hsk7-9
cuò;挫;to frustrate;hsk7-9
xiù;绣;embroidery;hsk7-9
bó;膊;arm;hsk7-9
fān;帆;sail;hsk7-9
dī;堤;dike;hsk7-9
fàn;贩;trader;hsk7-9
zhuāng;桩;stake;hsk7-9
guī;瑰;marvelous;hsk7-9
yùn;韵;rhyme;hsk7-9
jūn;钧;30 Chinese pounds;hsk7-9
bào;豹;leopard;hsk7-9
hǒng;哄;to coax;hsk7-9
lù;碌;commonplace;hsk7-9
shēn;绅;gentry;hsk7-9
huì;贿;to bribe;hsk7-9
wū;呜;hum;hsk7-9
gǒng;拱;arch;hsk7-9
kān;勘;to survey;hsk7-9
jiàn;贱;cheap;hsk7-9
gū;辜;crime;hsk7-9
yá;涯;bank;hsk7-9
yǐ;倚;to rely on;hsk7-9
yǎng;痒;itch;hsk7-9
yíng;莹;lustrous;hsk7-9
gāo;膏;paste;hsk7-9
kuǎ;垮;to collapse;hsk7-9
guān;棺;coffin;hsk7-9
gē;鸽;pigeon;hsk7-9
wěi;纬;latitude;hsk7-9
xiù;嗅;to smell;hsk7-9
áo;熬;to stew;hsk7-9
píng;坪;level ground;hsk7-9
shū;梳;comb;hsk7-9
qǐng;顷;100 Chinese acres;hsk7-9
jué;嚼;to chew;hsk7-9
xiàn;羡;to envy;hsk7-9
tàn;碳;carbon;hsk7-9
liě;咧;to grin;hsk7-9
sù;溯;to go upstream;hsk7-9
huàn;焕;glowing;hsk7-9
bà;坝;dam;hsk7-9
xié;挟;to coerce;hsk7-9
nì;腻;tired of;hsk7-9
tān;瘫;to be paralyzed;hsk7-9
méng;朦;hazy;hsk7-9
qiàn;嵌;to inlay;hsk7-9
zǎo;枣;jujube;hsk7-9
xiàng;橡;rubber tree;hsk7-9
fèn;粪;dung;hsk7-9
jiǎn;俭;frugal;hsk7-9
tiě;帖;invitation;hsk7-9
lǚ;缕;thread;hsk7-9
kuò;廓;wide;hsk7-9
liǎn;敛;to restrain;hsk7-9
zhāng;彰;conspicuous;hsk7-9
tì;涕;snot;hsk7-9
yì;绎;to unravel;hsk7-9
jū;鞠;to bow;hsk7-9
qià;洽;in agreement;hsk7-9
tán;痰;phlegm;hsk7-9
zhì;峙;to stand erect;hsk7-9
xuē;靴;boots;hsk7-9
liáo;寥;few;hsk7-9
huái;槐;scholar tree;hsk7-9
xiāo;宵;night;hsk7-9
xìn;衅;quarrel;hsk7-9
jī;畸;lopsided;hsk7-9
hǔ;唬;to bluff;hsk7-9
jī;缉;to arrest;hsk7-9
zhā;渣;residue;hsk7-9
zhé;辙;rut;hsk7-9
xiāo;潇;deep and clear;hsk7-9
lǜ;滤;to filter;hsk7-9
cuō;磋;to polish;hsk7-9
hōng;烘;to warm by fire;hsk7-9
lù;赂;to bribe;hsk7-9
wēn;瘟;epidemic;hsk7-9
tì;剃;to shave;hsk7-9
yǔn;陨;to fall;hsk7-9
shàn;膳;meal;hsk7-9
qián;钳;pliers;hsk7-9
xiù;锈;rust;hsk7-9
kǎn;槛;threshold;hsk7-9
shāi;筛;sieve;hsk7-9
bì;痹;paralysis;hsk7-9
rǎng;攘;chaotic;hsk7-9
suàn;蒜;garlic;hsk7-9
ǎi;蔼;friendly;hsk7-9
kǎi;楷;model;hsk7-9
nián;黏;sticky;hsk7-9
yàng;漾;to ripple;hsk7-9
jiāo;跤;to fall;hsk7-9
yǒng;踊;to leap;hsk7-9
biāo;飙;whirlwind;hsk7-9
chuài;踹;to kick;hsk7-9
shuàn;涮;to rinse;hsk7-9
yì;翼;wing;hsk7-9
hún;魂;soul;hsk7-9
shǔ;署;to sign;hsk7-9
dì;蒂;stem;hsk7-9
qiáo;乔;to disguise;hsk7-9
jiān;兼;simultaneously;hsk7-9
bǎo;堡;fort;hsk7-9
cáo;曹;Cao;hsk7-9
wèi;魏;Wei;hsk7-9
nǎo;恼;annoyed;hsk7-9
líng;凌;bully;hsk7-9
fù;赋;to levy;hsk7-9
yuán;袁;cloak;hsk7-9
héng;恒;permanent;hsk7-9
pàn;叛;to betray;hsk7-9
qiǎn;遣;to dispatch;hsk7-9
yì;疫;epidemic;hsk7-9
ái;癌;cancer;hsk7-9
jiān;歼;to annihilate;hsk7-9
diāo;雕;sculpture;hsk7-9
féng;缝;to sew;hsk7-9
hào;浩;vast;hsk7-9
lüè;掠;to plunder;hsk7-9
tān;贪;greedy;hsk7-9
qiāng;腔;body cavity;hsk7-9
bǎng;膀;upper arm;hsk7-9
líng;陵;hill;hsk7-9
shéng;绳;rope;hsk7-9
zhòu;骤;to trot;hsk7-9
zàng;葬;to bury;hsk7-9
míng;铭;inscription;hsk7-9
láng;廊;corridor;hsk7-9
zǎi;宰;to slaughter;hsk7-9
āi;唉;to sigh;hsk7-9
liàn;链;chain;hsk7-9
qiè;窃;to steal;hsk7-9
xiān;纤;fine;hsk7-9
chèn;趁;to take advantage of;hsk7-9
shùn;瞬;instant;hsk7-9
jǐng;颈;neck;hsk7-9
pì;辟;to open up;hsk7-9
liú;瘤;tumor;hsk7-9
qīn;钦;to admire;hsk7-9
bì;碧;green jade;hsk7-9
tú;屠;to slaughter;hsk7-9
yù;寓;residence;hsk7-9
bēi;碑;stele;hsk7-9
lèng;愣;dazed;hsk7-9
diào;钓;angling;hsk7-9
bān;颁;to promulgate;hsk7-9
lǒng;垄;ridge;hsk7-9
yīn;殷;eager;hsk7-9
shàn;擅;without authority;hsk7-9
xiàng;巷;alley;hsk7-9
zāi;栽;to plant;hsk7-9
mán;瞒;to conceal;hsk7-9
fǎng;纺;to spin;hsk7-9
sòng;颂;to extol;hsk7-9
hēi;嘿;hey;hsk7-9
táng;塘;pond;hsk7-9
zá;砸;to smash;hsk7-9
qiè;怯;timid;hsk7-9
pò;魄;vigor;hsk7-9
yǐng;颖;clever;hsk7-9
zhù;铸;to cast metal;hsk7-9
bì;毙;to die;hsk7-9
huǎng;恍;suddenly;hsk7-9
dǔ;睹;to see;hsk7-9
miè;蔑;to disdain;hsk7-9
diàn;垫;pad;hsk7-9
mò;寞;lonely;hsk7-9
yùn;蕴;to accumulate;hsk7-9
mèi;魅;enchanting;hsk7-9
duò;堕;to fall;hsk7-9
jiǎo;绞;to twist;hsk7-9
miǎn;缅;distant;hsk7-9
jiǎo;搅;to stir;hsk7-9
shē;奢;extravagant;hsk7-9
gà;尬;awkward;hsk7-9
lán;澜;wave;hsk7-9
qǐn;寝;bedroom;hsk7-9
lǎn;揽;take on;hsk7-9
sòu;嗽;to cough;hsk7-9
zhù;贮;to store;hsk7-9
lǎo;姥;maternal grandmother;hsk7-9
jiān;煎;to sauté;hsk7-9
léng;棱;edge;hsk7-9
shù;墅;villa;hsk7-9
bàn;瓣;petal;hsk7-9
kū;窟;den;hsk7-9
kāng;慷;generous;hsk7-9
jiàn;溅;to splatter;hsk7-9
dào;悼;to mourn;hsk7-9
miǎo;渺;insignificant;hsk7-9
kē;磕;to knock;hsk7-9
tuí;颓;dejected;hsk7-9
mù;睦;harmonious;hsk7-9
qiào;窍;opening;hsk7-9
tuò;唾;saliva;hsk7-9
qíng;擎;to lift up;hsk7-9
chǎn;铲;shovel;hsk7-9
wěn;紊;disorder;hsk7-9
diàn;淀;sediment;hsk7-9
bàng;谤;to slander;hsk7-9
duò;惰;lazy;hsk7-9
chóu;稠;dense;hsk7-9
shǔ;曙;daybreak;hsk7-9
pù;曝;sun-dry;hsk7-9
chuí;捶;to thump;hsk7-9
jiào;酵;to ferment;hsk7-9
yāng;殃;calamity;hsk7-9
jú;橘;tangerine;hsk7-9
zhà;榨;to extract;hsk7-9
cèng;蹭;to rub;hsk7-9
pì;媲;to rival;hsk7-9
yù;愈;more;hsk7-9
xú;徐;slowly;hsk7-9
xù;叙;to narrate;hsk7-9
bì;臂;arm;hsk7-9
tú;涂;to smear;hsk7-9
shèn;慎;cautious;hsk7-9
cí;磁;magnet;hsk7-9
jì;祭;to offer sacrifice;hsk7-9
kān;堪;to endure;hsk7-9
shū;疏;sparse;hsk7-9
zhòu;皱;wrinkles;hsk7-9
yuè;悦;delighted;hsk7-9
yù;裕;abundant;hsk7-9
hóu;喉;throat;hsk7-9
jiāo;娇;attractive;hsk7-9
liáo;僚;official;hsk7-9
biān;鞭;whip;hsk7-9
yù;喻;to explain;hsk7-9
kuì;愧;ashamed;hsk7-9
yù;浴;to bathe;hsk7-9
zhuàn;撰;to compose;hsk7-9
qiáo;侨;to live abroad;hsk7-9
yáo;窑;kiln;hsk7-9
luó;螺;spiral shell;hsk7-9
guàn;罐;jar;hsk7-9
rǎng;壤;soil;hsk7-9
jī;稽;to inspect;hsk7-9
jiào;轿;sedan chair;hsk7-9
cuàn;窜;to flee;hsk7-9
pī;劈;to split;hsk7-9
qiǎn;谴;to denounce;hsk7-9
qín;禽;fowl;hsk7-9
wàn;腕;wrist;hsk7-9
xīn;馨;fragrance;hsk7-9
kuí;魁;chief;hsk7-9
yú;逾;to exceed;hsk7-9
shā;砂;gravel;hsk7-9
gān;尴;awkward;hsk7-9
xuān;喧;noisy;hsk7-9
fū;敷;to apply;hsk7-9
wǎn;婉;tactful;hsk7-9
suǐ;髓;marrow;hsk7-9
pì;僻;out of the way;hsk7-9
táng;膛;chest;hsk7-9
chuò;绰;ample;hsk7-9
xū;墟;ruins;hsk7-9
shì;嗜;to hanker;hsk7-9
cáo;槽;trough;hsk7-9
xūn;熏;fragrance;hsk7-9
jù;锯;saw;hsk7-9
cāo;糙;rough;hsk7-9
xù;絮;long-winded;hsk7-9
cháng;嫦;moon goddess;hsk7-9
pù;瀑;waterfall;hsk7-9
biàn;辫;braid;hsk7-9
zāng;赃;stolen goods;hsk7-9
mó;蘑;mushroom;hsk7-9
yú;渝;to change;hsk7-9
lǎo;潦;heavy rain;hsk7-9
diàn;惦;long for;hsk7-9
è;鳄;crocodile;hsk7-9
mó;魔;demon;hsk7-9
xiàn;宪;constitution;hsk7-9
piāo;飘;to flutter;hsk7-9
diàn;殿;palace;hsk7-9
dǒng;董;director;hsk7-9
mù;穆;solemn;hsk7-9
gōng;恭;respectful;hsk7-9
pí;疲;tired;hsk7-9
lián;廉;honest;hsk7-9
ruì;锐;sharp;hsk7-9
kuì;溃;to burst;hsk7-9
wō;窝;nest;hsk7-9
mù;慕;to admire;hsk7-9
náng;囊;sack;hsk7-9
diān;颠;invert;hsk7-9
xì;隙;crevice;hsk7-9
shā;纱;yarn;hsk7-9
bīn;滨;water's edge;hsk7-9
fú;缚;to bind;hsk7-9
chóu;绸;silk fabric;hsk7-9
chāo;钞;paper money;hsk7-9
jiá;颊;cheek;hsk7-9
shú;赎;to redeem;hsk7-9
bàng;磅;pound;hsk7-9
xiāng;镶;to inlay;hsk7-9
jiǒng;窘;poor;hsk7-9
hàn;撼;to shake;hsk7-9
huàn;痪;sickness;hsk7-9
zhàn;绽;to split open;hsk7-9
jiāo;椒;pepper;hsk7-9
yǐn;瘾;addiction;hsk7-9
shàn;赡;to support;hsk7-9
zòng;粽;rice dumpling;hsk7-9
pō;颇;inclined;hsk7-9
chàn;颤;to tremble;hsk7-9
jǐn;锦;brocade;hsk7-9
chán;缠;to wind around;hsk7-9
mián;绵;continuous;hsk7-9
chī;痴;idiotic;hsk7-9
guǎ;寡;widow;hsk7-9
huī;徽;emblem;hsk7-9
qī;戚;relative;hsk7-9
pì;譬;analogy;hsk7-9
bàng;镑;pound sterling;hsk7-9
zhuàng;幢;building;hsk7-9
dì;缔;to conclude;hsk7-9
jí;嫉;to be jealous;hsk7-9
lǎn;缆;cable;hsk7-9
cù;簇;cluster;hsk7-9
chuí;锤;hammer;hsk7-9
kuì;馈;to gift;hsk7-9
suō;嗦;to suck;hsk7-9
zhì;窒;to obstruct;hsk7-9
zǎn;攒;accumulate;hsk7-9
wàn;惋;regret;hsk7-9
shā;鲨;shark;hsk7-9
diān;巅;summit;hsk7-9
lóng;窿;hole;hsk7-9
zōng;踪;tracks;hsk7-9
níng;凝;to congeal;hsk7-9
jì;寂;silent;hsk7-9
jiǎo;缴;to hand over;hsk7-9
róng;溶;to dissolve;hsk7-9
xiè;懈;lax;hsk7-9
kuī;窥;to peep;hsk7-9
jiǎo;矫;to rectify;hsk7-9
bīn;缤;abundant;hsk7-9
huō;豁;slit;hsk7-9
tiǎn;舔;to lick;hsk7-9
zhà;乍;first;non-hsk
hài;亥;boar;non-hsk
bǐ;匕;spoon;non-hsk
niàn;廿;twenty;non-hsk
yē;耶;ye;non-hsk
mǎ;玛;agate;non-hsk
fēi;菲;fragrant;non-hsk
wú;吾;me;non-hsk
wéi;韦;tanned hide;non-hsk
jiě;姊;elder sister;non-hsk
xuān;轩;high;non-hsk
cuī;崔;Cui;non-hsk
shān;珊;coral;non-hsk
lì;栗;chestnut;non-hsk
shān;杉;fir;non-hsk
xìng;杏;apricot;non-hsk
mǎ;蚂;ant;non-hsk
mī;眯;narrow the eyes;non-hsk
juàn;眷;dependant;non-hsk
zhǒu;肘;elbow;non-hsk
qìn;沁;seep;non-hsk
mǔ;拇;thumb;non-hsk
tīng;汀;shoal;non-hsk
yà;轧;crush;non-hsk
tún;豚;piglet;non-hsk
mī;咪;meow;non-hsk
shǐ;屎;excrement;non-hsk
qiú;酋;chieftain;non-hsk
è;噩;shocking;non-hsk
qín;芹;celery;non-hsk
qiāo;橇;sled;non-hsk
yǎo;舀;to ladle;non-hsk
sè;瑟;Chinese harp;non-hsk
lì;莉;jasmine;non-hsk
hóng;鸿;swan;non-hsk
hēng;亨;smooth;non-hsk
xiāng;湘;Hunan;non-hsk
zhòu;咒;curse;non-hsk
pì;屁;fart;non-hsk
yín;淫;lewd;non-hsk
dié;蝶;butterfly;non-hsk
yáo;姚;Yao;non-hsk
lín;琳;beautiful jade;non-hsk
yǐ;蚁;ant;non-hsk
rèn;刃;blade;non-hsk
yǐn;尹;oversee;non-hsk
shēn;呻;groan;non-hsk
è;扼;clutch;non-hsk
kuī;盔;helmet;non-hsk
yāo;夭;die young;non-hsk
tái;苔;moss;non-hsk
nì;溺;to drown;non-hsk
shì;拭;wipe;non-hsk
ōu;鸥;gull;non-hsk
yáng;佯;to pretend;non-hsk
zhuó;啄;peck;non-hsk
gāo;羔;lamb;non-hsk
jiàn;涧;mountain stream;non-hsk
qīng;蜻;dragonfly;non-hsk
mò;茉;jasmine;non-hsk
tíng;蜓;dragonfly;non-hsk
nuò;糯;glutinous;non-hsk
xī;蜥;lizard;non-hsk
rèn;饪;to cook;non-hsk
yì;蜴;lizard;non-hsk
yàn;彥;erudite;non-hsk
luò;洛;Los Angeles;non-hsk
màn;曼;prolong;non-hsk
péng;彭;Peng;non-hsk
nà;娜;na;non-hsk
wéi;惟;only;non-hsk
qīng;卿;minister;non-hsk
fǔ;甫;barely;non-hsk
zhāo;昭;evident;non-hsk
hú;狐;fox;non-hsk
gū;咕;mutter;non-hsk
xī;嘻;giggle;non-hsk
jìng;靖;pacify;non-hsk
guǐ;诡;deceitful;non-hsk
fú;芙;hibiscus;non-hsk
liú;榴;pomegranate;non-hsk
míng;冥;dark;non-hsk
ǎn;俺;I;non-hsk
jì;妓;prostitute;non-hsk
wēng;嗡;buzz;non-hsk
luò;骆;camel;non-hsk
gǒu;苟;careless;non-hsk
yīng;莺;oriole;non-hsk
gěng;梗;stem;non-hsk
jiǒng;炯;bright;non-hsk
kàng;炕;brick-heated bed;non-hsk
qiào;峭;precipitous;non-hsk
yì;奕;radiating;non-hsk
chù;矗;towering;non-hsk
wū;诬;accuse falsely;non-hsk
fēng;枫;maple;non-hsk
yáo;尧;sage king;non-hsk
yíng;萤;firefly;non-hsk
wéi;帷;curtain;non-hsk
ǎo;袄;coat;non-hsk
chú;雏;chick;non-hsk
gǎn;橄;olive;non-hsk
jǔ;咀;to chew;non-hsk
liáng;粱;millet;non-hsk
hàn;瀚;vast;non-hsk
méi;莓;berry;non-hsk
lì;蛎;oyster;non-hsk
luó;箩;bamboo basket;non-hsk
jiǎng;蒋;Jiang;non-hsk
shěn;沈;Shen;non-hsk
líng;玲;exquisite;non-hsk
gé;葛;kudzu;non-hsk
yín;吟;recite;non-hsk
tán;谭;Tan;non-hsk
sū;稣;to revive;non-hsk
fú;拂;caress;non-hsk
tuó;驼;camel;non-hsk
zhū;蛛;spider;non-hsk
hè;褐;brown;non-hsk
niǔ;钮;button;non-hsk
tóng;桐;paulownia;non-hsk
yīng;樱;cherry;non-hsk
pā;啪;bang;non-hsk
shǎng;晌;part of the day;non-hsk
suǒ;琐;trivial;non-hsk
sè;涩;astringent;non-hsk
líng;伶;actor;non-hsk
kūn;坤;female;non-hsk
hú;蝴;butterfly;non-hsk
xiāng;襄;aid;non-hsk
chán;蝉;cicada;non-hsk
bā;疤;scar;non-hsk
hàn;悍;bold;non-hsk
xián;舷;side of ship;non-hsk
hú;瑚;coral;non-hsk
chún;淳;honest;non-hsk
shòu;狩;to hunt;non-hsk
fú;蝠;bat;non-hsk
é;蛾;moth;non-hsk
què;鹊;magpie;non-hsk
kuí;葵;sunflower;non-hsk
biān;蝙;bat;non-hsk
huái;踝;ankle;non-hsk
èr;贰;two;non-hsk
zhè;蔗;sugarcane;non-hsk
jiè;芥;mustard;non-hsk
qí;淇;cream;non-hsk
báo;雹;hail;non-hsk
kāng;糠;chaff;non-hsk
hàn;翰;writing brush;non-hsk
lǐ;哩;English mile;non-hsk
lèng;怔;panic-stricken;non-hsk
pú;蒲;cattail;non-hsk
juàn;绢;thin strong silk;non-hsk
kǎn;坎;pit;non-hsk
fāng;坊;lane;non-hsk
qīng;氢;hydrogen;non-hsk
zhí;侄;nephew;non-hsk
lí;狸;raccoon dog;non-hsk
qí;崎;rugged;non-hsk
xiá;暇;free time;non-hsk
sī;嘶;hoarse;non-hsk
gā;嘎;ga;non-hsk
shang;裳;clothing;non-hsk
liú;琉;gemstone;non-hsk
dài;殆;nearly;non-hsk
lí;犁;plow;non-hsk
huáng;蝗;locust;non-hsk
gòu;垢;dirt;non-hsk
chè;澈;clear;non-hsk
móu;眸;pupil;non-hsk
suì;穗;ear of grain;non-hsk
suì;祟;evil spirit;non-hsk
xī;犀;rhinoceros;non-hsk
yū;淤;silt;non-hsk
qiāo;锹;shovel;non-hsk
gǎo;槁;withered;non-hsk
hóu;侯;marquis;non-hsk
shá;啥;what;non-hsk
wǎn;宛;as if;non-hsk
zēng;憎;to hate;non-hsk
è;愕;stunned;non-hsk
líng;菱;water chestnut;non-hsk
bù;簿;register;non-hsk
tí;啼;weep aloud;non-hsk
xiāo;嚣;hubbub;non-hsk
lǜ;氯;chlorine;non-hsk
zhī;蜘;spider;non-hsk
chuāng;疮;sore;non-hsk
luó;锣;gong;non-hsk
lǐ;鲤;carp;non-hsk
kǎo;拷;flog;non-hsk
shù;漱;to rinse the mouth;non-hsk
yín;寅;sign of the tiger;non-hsk
zhuó;镯;bracelet;non-hsk
liàng;晾;to air-dry;non-hsk
páng;螃;crab;non-hsk
bō;菠;spinach;non-hsk
jiǎo;铰;to cut with scissors;non-hsk
shě;捨;abandon;non-hsk
āi;埃;dust;non-hsk
xuē;薛;Xue;non-hsk
yuán;猿;ape;non-hsk
huáng;惶;fearful;non-hsk
yō;哟;oh!;non-hsk
liú;硫;sulfur;non-hsk
jīn;襟;lapel;non-hsk
ān;氨;ammonia;non-hsk
duàn;缎;satin;non-hsk
bàn;绊;to stumble;non-hsk
wèi;蔚;luxuriant;non-hsk
ào;懊;remorse;non-hsk
yú;榆;elm;non-hsk
chú;锄;hoe;non-hsk
dūn;墩;mound;non-hsk
wān;豌;pea;non-hsk
tǎ;獭;otter;non-hsk
kòu;寇;bandit;non-hsk
jīng;鲸;whale;non-hsk
tí;蹄;hoof;non-hsk
zōng;棕;palm;non-hsk
xiè;蟹;crab;non-hsk
àn;黯;dim;non-hsk
lín;麟;unicorn;non-hsk
róng;蓉;hibiscus;non-hsk
róng;熔;to melt;non-hsk
jiào;窖;cellar;non-hsk
róng;榕;banyan;non-hsk
lián;镰;sickle;non-hsk
